{
  "type": "FeatureCollection",
  "name": "greenseas",
  "crs": {
    "type": "name",
    "properties": {
      "name": "urn:ogc:def:crs:EPSG::3857"
    }
  },
  "features": [
    {
      "type": "Feature",
      "properties": {
        "id": 1,
        "name": "Introduction",
        "type": "intro",
        "corpus": "all",
        "corpus_code": "all",
        "corpus_map": "none",
        "date_start": "",
        "date_end": ""
      },
      "geometry": {
        "type": "GeometryCollection",
        "geometries": [
          {
            "type": "MultiLineString",
            "coordinates": [
              [
                [
                  -567739.0595329048,
                  6275271.581878413
                ],
                [
                  -101332.39937872638,
                  6268132.704427074
                ],
                [
                  -120369.40591563156,
                  5978611.563344974
                ],
                [
                  -575671.1455899486,
                  6007167.073150331
                ]
              ]
            ]
          }
        ]
      }
    },
    {
      "type": "Feature",
      "properties": {
        "id": 20,
        "name": "Photographies a\u00e9riennes du littoral",
        "type": "corpus",
        "corpus": "Photographies a\u00e9riennes du littoral",
        "corpus_code": "c_01",
        "corpus_map": "none",
        "date_start": "1926",
        "date_end": "2026"
      },
      "geometry": {
        "type": "GeometryCollection",
        "geometries": [
          {
            "type": "MultiLineString",
            "coordinates": [
              [
                [
                  -489013.1054167448,
                  6190993.167522321
                ],
                [
                  -493375.7527481189,
                  6064079.79060962
                ],
                [
                  -184421.0008262609,
                  6019660.108690174
                ],
                [
                  -168160.22440932103,
                  6141417.629665798
                ],
                [
                  -486633.4795996316,
                  6192579.58473373
                ],
                [
                  -486633.4795996316,
                  6192579.58473373
                ]
              ]
            ]
          }
        ]
      }
    },
    {
      "type": "Feature",
      "properties": {
        "id": 60,
        "name": "Etudes et expertises scientifiques",
        "type": "corpus",
        "corpus": "Etudes et expertises scientifiques",
        "corpus_code": "c_05",
        "corpus_map": "none",
        "date_start": "1977",
        "date_end": "2026"
      },
      "geometry": {
        "type": "GeometryCollection",
        "geometries": [
          {
            "type": "MultiLineString",
            "coordinates": [
              [
                [
                  -489013.1054167448,
                  6190993.167522321
                ],
                [
                  -493375.7527481189,
                  6064079.79060962
                ],
                [
                  -184421.0008262609,
                  6019660.108690174
                ],
                [
                  -168160.22440932103,
                  6141417.629665798
                ],
                [
                  -486633.4795996316,
                  6192579.58473373
                ],
                [
                  -486633.4795996316,
                  6192579.58473373
                ]
              ]
            ]
          }
        ]
      }
    },
    {
      "type": "Feature",
      "properties": {
        "id": 61,
        "name": "Intervention manuscrite de D.Briault 'Les mar\u00e9es Vertes' dans le cadre du colloque Eutrophisation du 25-26 novembre 1987",
        "type": "data",
        "corpus": "Etudes et expertises scientifiques",
        "corpus_code": "c_05",
        "corpus_map": "c_05",
        "date_start": "1987",
        "date_end": ""
      },
      "geometry": {
        "type": "GeometryCollection",
        "geometries": [
          {
            "type": "MultiPolygon",
            "coordinates": [
              [
                [
                  [
                    -388857.9037378663,
                    6219030.673507212
                  ],
                  [
                    -389588.9902462389,
                    6217491.822432249
                  ],
                  [
                    -389687.9644150078,
                    6216620.201349064
                  ],
                  [
                    -390218.6665792628,
                    6215628.209620521
                  ],
                  [
                    -389978.3769493582,
                    6214513.289321839
                  ],
                  [
                    -389197.97541116265,
                    6213708.957307805
                  ],
                  [
                    -389152.03697806544,
                    6212883.307693349
                  ],
                  [
                    -388574.9402414601,
                    6212001.836787996
                  ],
                  [
                    -388598.1068472459,
                    6211251.547042893
                  ],
                  [
                    -388362.26955928135,
                    6210417.666944727
                  ],
                  [
                    -388793.3190243444,
                    6209678.165488385
                  ],
                  [
                    -388693.27424029657,
                    6207407.858994871
                  ],
                  [
                    -389043.2009861036,
                    6206474.3815988805
                  ],
                  [
                    -388697.223648161,
                    6205643.096645392
                  ],
                  [
                    -388790.67150956346,
                    6205086.929766019
                  ],
                  [
                    -389666.53687889606,
                    6204721.3062585695
                  ],
                  [
                    -390261.00961646426,
                    6204907.372018841
                  ],
                  [
                    -390516.4990091447,
                    6204742.65126537
                  ],
                  [
                    -390230.8153326985,
                    6204234.643263152
                  ],
                  [
                    -390106.2994502027,
                    6203189.861889385
                  ],
                  [
                    -390610.5603454255,
                    6202710.860847717
                  ],
                  [
                    -391139.71676923626,
                    6202504.504223973
                  ],
                  [
                    -391036.63789193006,
                    6202157.252330389
                  ],
                  [
                    -391330.8435065062,
                    6201475.586328801
                  ],
                  [
                    -392126.37551647605,
                    6201014.215891751
                  ],
                  [
                    -392430.73762828397,
                    6200572.934007825
                  ],
                  [
                    -392832.77037523297,
                    6200673.256163567
                  ],
                  [
                    -393247.8422276606,
                    6201210.70534704
                  ],
                  [
                    -393741.63256411336,
                    6201323.740535005
                  ],
                  [
                    -394193.84139049303,
                    6201932.758600531
                  ],
                  [
                    -395006.9408115951,
                    6201686.594613822
                  ],
                  [
                    -395208.64506930474,
                    6201249.942514585
                  ],
                  [
                    -395671.33134397666,
                    6201148.399888399
                  ],
                  [
                    -395775.60307818383,
                    6200725.002724717
                  ],
                  [
                    -395671.65908242704,
                    6200123.2755530765
                  ],
                  [
                    -395266.14047200326,
                    6199835.406365917
                  ],
                  [
                    -394327.765678014,
                    6199658.808717674
                  ],
                  [
                    -394441.1059255712,
                    6199071.210217027
                  ],
                  [
                    -394234.6212046358,
                    6198776.013096821
                  ],
                  [
                    -394363.0133402482,
                    6198491.957296793
                  ],
                  [
                    -394986.50698050344,
                    6198340.52326662
                  ],
                  [
                    -395612.1492896408,
                    6197693.074462727
                  ],
                  [
                    -396585.5286340288,
                    6197613.643807178
                  ],
                  [
                    -396305.7383315449,
                    6197167.96070285
                  ],
                  [
                    -397049.16790869815,
                    6196581.403011239
                  ],
                  [
                    -397977.6576062754,
                    6196952.333022289
                  ],
                  [
                    -398826.581048063,
                    6196243.924058095
                  ],
                  [
                    -400132.48242652364,
                    6196126.9443482775
                  ],
                  [
                    -400411.15629808756,
                    6195976.971848115
                  ],
                  [
                    -400700.44037155824,
                    6197126.59493926
                  ],
                  [
                    -401324.5641827677,
                    6197985.561162802
                  ],
                  [
                    -400388.9912121952,
                    6199108.751305294
                  ],
                  [
                    -399895.4383571271,
                    6200122.560603705
                  ],
                  [
                    -399159.4249539905,
                    6200305.650494147
                  ],
                  [
                    -398934.49282469583,
                    6201033.893634632
                  ],
                  [
                    -398124.0061177296,
                    6201133.075150504
                  ],
                  [
                    -397581.3505542629,
                    6201800.395605385
                  ],
                  [
                    -398241.35980934656,
                    6202111.38899253
                  ],
                  [
                    -398524.6482843777,
                    6202420.616967582
                  ],
                  [
                    -398527.4545957913,
                    6203462.48009887
                  ],
                  [
                    -398762.81568924617,
                    6203976.966790689
                  ],
                  [
                    -399398.6264402451,
                    6204226.189369823
                  ],
                  [
                    -399844.03284296556,
                    6204838.801781002
                  ],
                  [
                    -400770.3619900839,
                    6205287.369916677
                  ],
                  [
                    -400931.99995353573,
                    6205686.182752194
                  ],
                  [
                    -401857.4481048129,
                    6206421.587857908
                  ],
                  [
                    -402088.9302399018,
                    6207502.547978966
                  ],
                  [
                    -402304.7337556324,
                    6207814.04214918
                  ],
                  [
                    -402314.95766506315,
                    6208490.157609483
                  ],
                  [
                    -403071.7525194016,
                    6208570.615210625
                  ],
                  [
                    -403224.6685734493,
                    6208792.668571541
                  ],
                  [
                    -403219.36667935544,
                    6210219.942923442
                  ],
                  [
                    -402686.49597131624,
                    6211941.061880994
                  ],
                  [
                    -402897.853841042,
                    6212813.201890459
                  ],
                  [
                    -402637.8950359957,
                    6214278.778238656
                  ],
                  [
                    -402912.5341177241,
                    6215085.604248558
                  ],
                  [
                    -402875.8683395881,
                    6215302.606958031
                  ],
                  [
                    -402609.14501360036,
                    6215480.919910982
                  ],
                  [
                    -402771.4298825282,
                    6216063.90844346
                  ],
                  [
                    -402680.58387741935,
                    6216883.585206249
                  ],
                  [
                    -402153.1247009774,
                    6217219.951710612
                  ],
                  [
                    -401922.9277531423,
                    6217861.804270213
                  ],
                  [
                    -402480.7210222325,
                    6218267.609000663
                  ],
                  [
                    -402837.33835538354,
                    6219936.2824443625
                  ],
                  [
                    -403142.5780893055,
                    6220565.092268734
                  ],
                  [
                    -403327.4719396634,
                    6220626.923233597
                  ],
                  [
                    -403584.08198543143,
                    6220352.111246903
                  ],
                  [
                    -403931.36815988657,
                    6220316.406166643
                  ],
                  [
                    -404818.7971108207,
                    6221067.940341737
                  ],
                  [
                    -404298.7144153224,
                    6221002.813810819
                  ],
                  [
                    -404012.4694200886,
                    6221124.950845447
                  ],
                  [
                    -403787.5878280815,
                    6221637.518794386
                  ],
                  [
                    -403651.4741893601,
                    6221541.497464069
                  ],
                  [
                    -403414.28878230875,
                    6221811.905572512
                  ],
                  [
                    -403296.121783991,
                    6221471.408015828
                  ],
                  [
                    -402418.2954108358,
                    6221488.088503613
                  ],
                  [
                    -402335.02524394455,
                    6221388.027223164
                  ],
                  [
                    -402557.20669750916,
                    6221240.348880367
                  ],
                  [
                    -402530.2471664715,
                    6220604.051494389
                  ],
                  [
                    -402290.90413860034,
                    6219482.544553859
                  ],
                  [
                    -402146.0243262409,
                    6219189.596561464
                  ],
                  [
                    -401649.41661604214,
                    6218955.424540469
                  ],
                  [
                    -400237.23007944063,
                    6218831.623077232
                  ],
                  [
                    -399531.56872279936,
                    6219298.384522879
                  ],
                  [
                    -398693.3676376688,
                    6219051.795616578
                  ],
                  [
                    -397777.2935446074,
                    6219847.534330969
                  ],
                  [
                    -397180.9244909133,
                    6221026.19497648
                  ],
                  [
                    -397209.8779426232,
                    6221694.224763497
                  ],
                  [
                    -397541.7513389005,
                    6221956.491467889
                  ],
                  [
                    -397976.3528118176,
                    6221891.789871086
                  ],
                  [
                    -398470.33809356927,
                    6222293.630809957
                  ],
                  [
                    -398815.904498004,
                    6222252.339635835
                  ],
                  [
                    -399037.59387366835,
                    6222560.872823379
                  ],
                  [
                    -398736.52650346776,
                    6222889.127132877
                  ],
                  [
                    -398512.999457981,
                    6223606.883264804
                  ],
                  [
                    -398569.94152495667,
                    6224142.354284945
                  ],
                  [
                    -398741.3698826268,
                    6224304.094236829
                  ],
                  [
                    -398596.86635893676,
                    6224581.1898552375
                  ],
                  [
                    -398652.6796908696,
                    6224919.089166553
                  ],
                  [
                    -398934.8115267353,
                    6225224.5474773
                  ],
                  [
                    -398714.9557452914,
                    6225606.152316578
                  ],
                  [
                    -398799.3344634464,
                    6226002.732608487
                  ],
                  [
                    -398678.648482685,
                    6226211.176325539
                  ],
                  [
                    -399059.5411241589,
                    6227001.944147907
                  ],
                  [
                    -398659.96800738334,
                    6227718.196031688
                  ],
                  [
                    -398799.5168586589,
                    6228141.196240833
                  ],
                  [
                    -399034.62177790416,
                    6228222.209260146
                  ],
                  [
                    -398935.5883826199,
                    6228337.751618274
                  ],
                  [
                    -398353.19150310947,
                    6227811.44932712
                  ],
                  [
                    -398367.78817251406,
                    6227118.227920709
                  ],
                  [
                    -397627.8394424077,
                    6225404.022163888
                  ],
                  [
                    -397000.81792915525,
                    6224867.434796781
                  ],
                  [
                    -395911.584328142,
                    6224674.512744817
                  ],
                  [
                    -395573.6640940878,
                    6224455.052386334
                  ],
                  [
                    -395168.2493779579,
                    6223553.726271017
                  ],
                  [
                    -394357.54669076763,
                    6223150.896640417
                  ],
                  [
                    -394290.56677212747,
                    6222782.022859734
                  ],
                  [
                    -394527.66864797095,
                    6222385.781859398
                  ],
                  [
                    -394448.46342772007,
                    6222157.6891246475
                  ],
                  [
                    -394046.58525496314,
                    6222093.67693311
                  ],
                  [
                    -393231.05836633313,
                    6222435.965236208
                  ],
                  [
                    -392690.68129789014,
                    6221897.486016026
                  ],
                  [
                    -392149.37818543677,
                    6221872.573939755
                  ],
                  [
                    -391908.95848677313,
                    6221635.310870618
                  ],
                  [
                    -391910.4973945723,
                    6220902.683539546
                  ],
                  [
                    -391653.207283092,
                    6220356.627560861
                  ],
                  [
                    -390705.0074052622,
                    6220360.6875952985
                  ],
                  [
                    -389831.62341205106,
                    6219433.619215048
                  ],
                  [
                    -389074.64984077826,
                    6219297.209809232
                  ],
                  [
                    -388857.9037378663,
                    6219030.673507212
                  ]
                ]
              ]
            ]
          },
          {
            "type": "MultiPoint",
            "coordinates": [
              [
                -343069.985112,
                6251288.598507
              ]
            ]
          }
        ]
      }
    },
    {
      "type": "Feature",
      "properties": {
        "id": 62,
        "name": "\u00c9tude du ph\u00e9nom\u00e8ne de 'Mar\u00e9e Verte' affectant les baies de Lannion et de Saint-Brieuc par Jo\u00ebl Kopp en 1977",
        "type": "data",
        "corpus": "Etudes et expertises scientifiques",
        "corpus_code": "c_05",
        "corpus_map": "c_05",
        "date_start": "1977",
        "date_end": ""
      },
      "geometry": {
        "type": "GeometryCollection",
        "geometries": [
          {
            "type": "MultiPolygon",
            "coordinates": [
              [
                [
                  [
                    -261852.85687230725,
                    6183994.548891742
                  ],
                  [
                    -263153.65649055946,
                    6183387.388763023
                  ],
                  [
                    -263634.9869278696,
                    6183243.640548046
                  ],
                  [
                    -264130.02603425406,
                    6183407.338060586
                  ],
                  [
                    -264457.3565781789,
                    6183310.564213365
                  ],
                  [
                    -265867.2151541419,
                    6182188.512360832
                  ],
                  [
                    -266332.20800623077,
                    6181498.389452424
                  ],
                  [
                    -266491.3191160286,
                    6180810.160631098
                  ],
                  [
                    -266380.0324252229,
                    6180086.897099347
                  ],
                  [
                    -265227.5315235343,
                    6179210.473682172
                  ],
                  [
                    -265046.742500826,
                    6178405.4933112785
                  ],
                  [
                    -264745.1089209899,
                    6178147.04712129
                  ],
                  [
                    -264745.8299968015,
                    6177908.304007477
                  ],
                  [
                    -265448.8320804403,
                    6177172.538839754
                  ],
                  [
                    -265333.7793077394,
                    6175705.122221158
                  ],
                  [
                    -265646.7631710435,
                    6175448.993499875
                  ],
                  [
                    -266914.4197029415,
                    6175191.237078655
                  ],
                  [
                    -267195.94351439254,
                    6174613.905459096
                  ],
                  [
                    -267322.3617815319,
                    6173839.05976424
                  ],
                  [
                    -268166.6589131005,
                    6173032.722066229
                  ],
                  [
                    -268351.67952033755,
                    6171606.792489646
                  ],
                  [
                    -268859.4349328769,
                    6171412.868691945
                  ],
                  [
                    -270113.915966461,
                    6171372.947299808
                  ],
                  [
                    -271223.9882882271,
                    6170390.346740997
                  ],
                  [
                    -271457.58134359185,
                    6171188.337314142
                  ],
                  [
                    -271719.80026536575,
                    6171442.693456469
                  ],
                  [
                    -273832.89396679326,
                    6171015.950376659
                  ],
                  [
                    -274772.8216616566,
                    6171666.472639044
                  ],
                  [
                    -275714.9395039952,
                    6171391.14815946
                  ],
                  [
                    -276605.7749756501,
                    6170673.484746307
                  ],
                  [
                    -277117.9131508152,
                    6169254.489542384
                  ],
                  [
                    -277832.7972628981,
                    6168689.677557031
                  ],
                  [
                    -277979.59276544175,
                    6167696.522949486
                  ],
                  [
                    -278849.23325979424,
                    6167131.146487926
                  ],
                  [
                    -279394.07635108836,
                    6166303.6755253505
                  ],
                  [
                    -280382.0870690078,
                    6166004.038778523
                  ],
                  [
                    -280718.9696639774,
                    6165586.211277451
                  ],
                  [
                    -280819.1407628571,
                    6164843.759178718
                  ],
                  [
                    -280493.16647167504,
                    6164046.234256221
                  ],
                  [
                    -280604.7309819485,
                    6163052.784545798
                  ],
                  [
                    -281201.0895892276,
                    6163211.740719766
                  ],
                  [
                    -282012.98776424985,
                    6162645.389454282
                  ],
                  [
                    -281732.56128984736,
                    6161442.657191282
                  ],
                  [
                    -282183.68951766985,
                    6160349.903870594
                  ],
                  [
                    -282798.1216432823,
                    6159442.98814049
                  ],
                  [
                    -282458.16298353596,
                    6158444.794555508
                  ],
                  [
                    -283419.36122281797,
                    6157775.845063444
                  ],
                  [
                    -284028.82943238644,
                    6157834.358139635
                  ],
                  [
                    -284846.7961261584,
                    6158420.959728298
                  ],
                  [
                    -284997.5827172936,
                    6158934.763789343
                  ],
                  [
                    -285547.0832667647,
                    6159600.023459203
                  ],
                  [
                    -286974.4535751839,
                    6160115.20112998
                  ],
                  [
                    -287631.07280319877,
                    6160803.773684921
                  ],
                  [
                    -288047.8588585287,
                    6160881.752247318
                  ],
                  [
                    -288334.74035266356,
                    6161694.6848375695
                  ],
                  [
                    -288706.428284943,
                    6161601.982856319
                  ],
                  [
                    -288902.5289726594,
                    6161346.670742126
                  ],
                  [
                    -289986.6147405523,
                    6161056.590545972
                  ],
                  [
                    -291579.3432404357,
                    6161417.432179121
                  ],
                  [
                    -291901.1786242027,
                    6161395.490963519
                  ],
                  [
                    -292346.8773883213,
                    6160949.585148974
                  ],
                  [
                    -293778.87187435536,
                    6161289.97433804
                  ],
                  [
                    -294270.43394510413,
                    6161050.480833062
                  ],
                  [
                    -295048.17522170313,
                    6161551.51922643
                  ],
                  [
                    -296124.6853764502,
                    6161027.336926961
                  ],
                  [
                    -296430.99293731444,
                    6162723.0081162965
                  ],
                  [
                    -297154.34863190306,
                    6164402.708134873
                  ],
                  [
                    -297864.52607073775,
                    6164993.95859538
                  ],
                  [
                    -299637.08631733025,
                    6165915.536262165
                  ],
                  [
                    -299769.66620612575,
                    6166601.253080775
                  ],
                  [
                    -300620.86359128635,
                    6167251.344408448
                  ],
                  [
                    -301201.5389467379,
                    6167318.230394095
                  ],
                  [
                    -301516.10496405733,
                    6167531.936616231
                  ],
                  [
                    -301952.57708243903,
                    6168447.211477473
                  ],
                  [
                    -302263.0058304615,
                    6168125.203672509
                  ],
                  [
                    -302548.03714222094,
                    6168297.04298545
                  ],
                  [
                    -302880.3043665066,
                    6167751.720103249
                  ],
                  [
                    -303673.0222370588,
                    6168189.553680936
                  ],
                  [
                    -304731.19769477646,
                    6167982.1315235635
                  ],
                  [
                    -304941.0174856977,
                    6168152.719331604
                  ],
                  [
                    -304659.19627653697,
                    6168521.2304821685
                  ],
                  [
                    -304699.14579332067,
                    6168721.007424081
                  ],
                  [
                    -305047.7832273168,
                    6168666.572259293
                  ],
                  [
                    -305546.3174856297,
                    6168134.538300627
                  ],
                  [
                    -306261.661455318,
                    6168047.4180850005
                  ],
                  [
                    -307347.41848266835,
                    6168823.584908033
                  ],
                  [
                    -308022.4233866396,
                    6168669.411130709
                  ],
                  [
                    -307925.5015920054,
                    6169148.290009333
                  ],
                  [
                    -306792.64153973485,
                    6170090.295685515
                  ],
                  [
                    -306756.47965953633,
                    6170787.245347333
                  ],
                  [
                    -306922.97287654475,
                    6170918.452166374
                  ],
                  [
                    -307973.02487853635,
                    6170671.846099812
                  ],
                  [
                    -309127.2101488909,
                    6170916.574848763
                  ],
                  [
                    -309962.32704077126,
                    6170792.590163417
                  ],
                  [
                    -310446.9961560502,
                    6171046.162758017
                  ],
                  [
                    -311445.4923382587,
                    6170702.850758529
                  ],
                  [
                    -311535.77098198276,
                    6170539.833874347
                  ],
                  [
                    -311209.3800953642,
                    6170245.680597576
                  ],
                  [
                    -311147.94681652065,
                    6169070.429429854
                  ],
                  [
                    -312168.06831239857,
                    6167934.524826309
                  ],
                  [
                    -312949.87151064846,
                    6167759.469344799
                  ],
                  [
                    -313730.1378145976,
                    6167147.918644401
                  ],
                  [
                    -314964.3458599217,
                    6166713.382772565
                  ],
                  [
                    -316051.4953918127,
                    6166650.542111968
                  ],
                  [
                    -316554.99458131293,
                    6165749.461942749
                  ],
                  [
                    -316499.6414333062,
                    6164999.911066552
                  ],
                  [
                    -316654.5265527725,
                    6164244.112824988
                  ],
                  [
                    -316917.7112343158,
                    6164492.251575264
                  ],
                  [
                    -317531.38359985483,
                    6164489.445503973
                  ],
                  [
                    -317957.4767384781,
                    6164676.961781153
                  ],
                  [
                    -318293.99792790174,
                    6165123.892417063
                  ],
                  [
                    -318596.56769620214,
                    6165147.543831831
                  ],
                  [
                    -319987.4350533867,
                    6164110.289541638
                  ],
                  [
                    -320097.96345361584,
                    6163392.186636618
                  ],
                  [
                    -321171.5102658104,
                    6163541.042959118
                  ],
                  [
                    -321839.1792329682,
                    6163786.225658421
                  ],
                  [
                    -322100.03395070526,
                    6164111.295744072
                  ],
                  [
                    -323078.38982592156,
                    6164296.386050798
                  ],
                  [
                    -323493.2282777407,
                    6164289.70035611
                  ],
                  [
                    -323637.5298768032,
                    6163813.726422285
                  ],
                  [
                    -324374.02155277954,
                    6164117.397330395
                  ],
                  [
                    -324894.45267637644,
                    6164385.9120822
                  ],
                  [
                    -324816.79709979484,
                    6165206.071255312
                  ],
                  [
                    -325281.8641317222,
                    6165478.319210671
                  ],
                  [
                    -325351.21786246536,
                    6165706.0757953245
                  ],
                  [
                    -326398.11791464017,
                    6164865.790203788
                  ],
                  [
                    -327621.60942756635,
                    6165314.725896893
                  ],
                  [
                    -328039.49213898607,
                    6165755.863542361
                  ],
                  [
                    -328665.6385389632,
                    6165823.727853803
                  ],
                  [
                    -329237.28264802916,
                    6166088.585675394
                  ],
                  [
                    -329570.6204506054,
                    6166099.235839788
                  ],
                  [
                    -330257.7451779442,
                    6165776.507125506
                  ],
                  [
                    -330962.6006381653,
                    6166430.532131349
                  ],
                  [
                    -331439.1698129515,
                    6166511.466460769
                  ],
                  [
                    -331211.9106206662,
                    6166935.949941039
                  ],
                  [
                    -331129.47900796495,
                    6167587.7625714475
                  ],
                  [
                    -331282.07446375507,
                    6167707.31357816
                  ],
                  [
                    -332024.5711049744,
                    6167845.600002908
                  ],
                  [
                    -332719.6739686828,
                    6167706.121679728
                  ],
                  [
                    -333600.4980825102,
                    6167933.1150683975
                  ],
                  [
                    -336960.8354186677,
                    6167206.63146057
                  ],
                  [
                    -337445.89671364496,
                    6167541.818022625
                  ],
                  [
                    -337249.7182532232,
                    6168307.272400459
                  ],
                  [
                    -337379.7510156835,
                    6168779.995468098
                  ],
                  [
                    -337197.574647885,
                    6169111.178445953
                  ],
                  [
                    -337493.4995081821,
                    6169122.545057126
                  ],
                  [
                    -337830.0979249561,
                    6169795.689008998
                  ],
                  [
                    -336432.5279785775,
                    6170922.999834472
                  ],
                  [
                    -336512.8275713866,
                    6171326.947292389
                  ],
                  [
                    -336242.40789339255,
                    6171691.415775769
                  ],
                  [
                    -336312.64054446336,
                    6172015.954108875
                  ],
                  [
                    -336092.6088449291,
                    6172456.954883946
                  ],
                  [
                    -336245.0058450263,
                    6173877.313078054
                  ],
                  [
                    -336001.3986235811,
                    6174502.82989698
                  ],
                  [
                    -335376.1678966571,
                    6175124.352294462
                  ],
                  [
                    -335270.5383504116,
                    6175787.590356738
                  ],
                  [
                    -334146.88040209777,
                    6176013.91880712
                  ],
                  [
                    -334090.0490555446,
                    6176466.604355112
                  ],
                  [
                    -333676.69622296817,
                    6176659.462860108
                  ],
                  [
                    -333080.7038093183,
                    6177539.063416552
                  ],
                  [
                    -332796.95003388845,
                    6177509.891529698
                  ],
                  [
                    -332373.06581483805,
                    6177080.868662178
                  ],
                  [
                    -331663.42977993167,
                    6177351.280854432
                  ],
                  [
                    -331087.1813585487,
                    6176850.825355111
                  ],
                  [
                    -329787.44940379536,
                    6176816.512928257
                  ],
                  [
                    -329355.33129048074,
                    6176508.632223361
                  ],
                  [
                    -329130.21689698385,
                    6176678.13940945
                  ],
                  [
                    -328855.13114725595,
                    6177429.731771111
                  ],
                  [
                    -328093.29680523253,
                    6177394.966720052
                  ],
                  [
                    -327666.7269123017,
                    6178291.533555824
                  ],
                  [
                    -327031.2244659349,
                    6178367.642365588
                  ],
                  [
                    -327189.5384265628,
                    6179333.431096628
                  ],
                  [
                    -327484.110711258,
                    6179974.189575254
                  ],
                  [
                    -327415.99489371036,
                    6180217.823175864
                  ],
                  [
                    -326408.14405948296,
                    6180946.422367157
                  ],
                  [
                    -326437.84589789173,
                    6181661.119744681
                  ],
                  [
                    -325706.0123568067,
                    6182147.47488454
                  ],
                  [
                    -325093.7717579418,
                    6182283.915236553
                  ],
                  [
                    -324810.3634186246,
                    6182644.617287499
                  ],
                  [
                    -324749.5852656046,
                    6183654.558790022
                  ],
                  [
                    -324943.0347420593,
                    6184021.242381707
                  ],
                  [
                    -324703.9511737059,
                    6184757.177136826
                  ],
                  [
                    -324283.736132446,
                    6185104.610521672
                  ],
                  [
                    -323873.59247716784,
                    6185038.352810981
                  ],
                  [
                    -323752.21105354175,
                    6185208.363237452
                  ],
                  [
                    -323786.1240426836,
                    6185989.675596492
                  ],
                  [
                    -323100.88727414457,
                    6186139.9182676505
                  ],
                  [
                    -322441.3702618201,
                    6186659.159107283
                  ],
                  [
                    -321833.39351946,
                    6187612.125822094
                  ],
                  [
                    -321753.0497228033,
                    6188195.660370817
                  ],
                  [
                    -321909.7098089835,
                    6189102.194998887
                  ],
                  [
                    -322075.1012551562,
                    6189340.825464061
                  ],
                  [
                    -322530.0562149477,
                    6189399.705198928
                  ],
                  [
                    -322947.2506290689,
                    6190021.180703396
                  ],
                  [
                    -323506.1204411506,
                    6190390.928267362
                  ],
                  [
                    -323806.0148032493,
                    6191110.994954813
                  ],
                  [
                    -325470.4091419075,
                    6191489.746840439
                  ],
                  [
                    -326654.29779625806,
                    6192376.019508332
                  ],
                  [
                    -327103.4570513673,
                    6196398.121581294
                  ],
                  [
                    -327333.7927748622,
                    6196883.953368651
                  ],
                  [
                    -328035.3471984388,
                    6197480.498329726
                  ],
                  [
                    -328192.9327321593,
                    6197915.223715619
                  ],
                  [
                    -328021.3746588108,
                    6198058.718880166
                  ],
                  [
                    -327367.6599309307,
                    6197928.564806187
                  ],
                  [
                    -327380.1440490063,
                    6198589.732433284
                  ],
                  [
                    -327022.764266956,
                    6199388.02882677
                  ],
                  [
                    -327039.1405756261,
                    6200218.830426924
                  ],
                  [
                    -326838.9373274014,
                    6200726.437191709
                  ],
                  [
                    -327420.28007400676,
                    6201687.539659445
                  ],
                  [
                    -327672.89315300266,
                    6202795.067420435
                  ],
                  [
                    -327391.19754011446,
                    6204275.394081971
                  ],
                  [
                    -327395.36133410316,
                    6205419.81649312
                  ],
                  [
                    -327091.6889978199,
                    6205760.282329648
                  ],
                  [
                    -326055.75971399836,
                    6206074.127358741
                  ],
                  [
                    -325799.7441247946,
                    6206291.656512163
                  ],
                  [
                    -324281.3884447993,
                    6206604.382015331
                  ],
                  [
                    -323542.7450832414,
                    6207225.675070758
                  ],
                  [
                    -323183.9269130759,
                    6208083.719542322
                  ],
                  [
                    -322888.4408351932,
                    6210051.2264684895
                  ],
                  [
                    -323217.0099443553,
                    6210579.843912357
                  ],
                  [
                    -323263.11426572467,
                    6211066.739720815
                  ],
                  [
                    -322641.6273598645,
                    6212096.206149325
                  ],
                  [
                    -322919.76350168337,
                    6212819.574466647
                  ],
                  [
                    -324131.3824802932,
                    6214071.077555826
                  ],
                  [
                    -324064.8999725982,
                    6214334.591575416
                  ],
                  [
                    -323469.40672026423,
                    6214876.568302404
                  ],
                  [
                    -323431.41216687084,
                    6215723.357468162
                  ],
                  [
                    -323100.04860263254,
                    6215894.641319134
                  ],
                  [
                    -322873.5052114883,
                    6216433.286509272
                  ],
                  [
                    -322911.1430891194,
                    6216731.009434521
                  ],
                  [
                    -322472.9861218687,
                    6216969.311982411
                  ],
                  [
                    -322420.1240936671,
                    6217570.05192293
                  ],
                  [
                    -321883.461488773,
                    6217708.103932757
                  ],
                  [
                    -321394.2223452476,
                    6218215.647861464
                  ],
                  [
                    -321430.16726744827,
                    6218573.793571604
                  ],
                  [
                    -321665.003143124,
                    6218867.304626658
                  ],
                  [
                    -321596.95120091306,
                    6219685.334500716
                  ],
                  [
                    -321075.5939908258,
                    6219819.392867611
                  ],
                  [
                    -321021.56104561035,
                    6220040.391761212
                  ],
                  [
                    -320684.9156029049,
                    6219759.054125585
                  ],
                  [
                    -320121.22247082496,
                    6219820.972005414
                  ],
                  [
                    -319881.6696033467,
                    6219656.150048268
                  ],
                  [
                    -319504.8112197591,
                    6219796.7577833785
                  ],
                  [
                    -319405.82564534486,
                    6219446.328998134
                  ],
                  [
                    -318964.75695879944,
                    6219323.948135935
                  ],
                  [
                    -318258.19975073956,
                    6220064.7253793795
                  ],
                  [
                    -317809.86778950074,
                    6219374.708757762
                  ],
                  [
                    -317676.5342746698,
                    6218546.940851101
                  ],
                  [
                    -317071.22937225347,
                    6218666.038936064
                  ],
                  [
                    -316833.3842447874,
                    6218180.624003843
                  ],
                  [
                    -316327.01052333176,
                    6218078.9835478375
                  ],
                  [
                    -316241.6606049713,
                    6217287.633803254
                  ],
                  [
                    -315982.22338561394,
                    6217023.892965224
                  ],
                  [
                    -315755.2106433104,
                    6217023.769852161
                  ],
                  [
                    -315914.5658871508,
                    6216709.564743738
                  ],
                  [
                    -315684.23270992714,
                    6216542.697242098
                  ],
                  [
                    -315151.8309715147,
                    6216526.212680825
                  ],
                  [
                    -314704.0979938272,
                    6216716.6363651
                  ],
                  [
                    -314638.37654486316,
                    6215643.259352643
                  ],
                  [
                    -314433.97117218067,
                    6215503.3627945045
                  ],
                  [
                    -314081.24151174177,
                    6215687.643195099
                  ],
                  [
                    -313669.2299044919,
                    6215705.572177627
                  ],
                  [
                    -313367.23543283844,
                    6215346.017424476
                  ],
                  [
                    -313668.08312459476,
                    6215640.4354788475
                  ],
                  [
                    -313913.4827784405,
                    6215643.921312721
                  ],
                  [
                    -314276.55957382417,
                    6215249.774457786
                  ],
                  [
                    -314217.0975616841,
                    6214987.991928685
                  ],
                  [
                    -313719.95353033795,
                    6215023.879096254
                  ],
                  [
                    -313533.8083205247,
                    6215186.376734275
                  ],
                  [
                    -313658.5815340588,
                    6214965.671031155
                  ],
                  [
                    -314198.2461579562,
                    6214840.564011264
                  ],
                  [
                    -314529.6443610625,
                    6215346.810506946
                  ],
                  [
                    -314720.65972932696,
                    6215190.050654244
                  ],
                  [
                    -314552.45533740055,
                    6214518.136953918
                  ],
                  [
                    -314189.8291498187,
                    6214526.921227707
                  ],
                  [
                    -314228.2866780521,
                    6214190.547979553
                  ],
                  [
                    -314752.10589984583,
                    6213433.605468045
                  ],
                  [
                    -314237.89262546547,
                    6213112.514791401
                  ],
                  [
                    -314008.27397102694,
                    6212634.455787264
                  ],
                  [
                    -313932.4751435321,
                    6212077.968157018
                  ],
                  [
                    -314233.9547582176,
                    6211738.091944482
                  ],
                  [
                    -314273.4842031308,
                    6211325.798664824
                  ],
                  [
                    -313728.9259703723,
                    6210216.327219194
                  ],
                  [
                    -313315.9065446317,
                    6209820.353581474
                  ],
                  [
                    -313479.41082795634,
                    6209430.229545066
                  ],
                  [
                    -313259.5022358354,
                    6208982.127702288
                  ],
                  [
                    -313819.3664685582,
                    6208549.438675372
                  ],
                  [
                    -313809.6072230828,
                    6207638.596724318
                  ],
                  [
                    -314678.83215681993,
                    6207405.471492785
                  ],
                  [
                    -314457.17086473724,
                    6207253.308198596
                  ],
                  [
                    -314085.819371031,
                    6206360.350088815
                  ],
                  [
                    -313549.2706085239,
                    6206040.799353973
                  ],
                  [
                    -312554.1741189628,
                    6205965.385261147
                  ],
                  [
                    -310879.9025193636,
                    6204700.148998293
                  ],
                  [
                    -310539.06432638044,
                    6204805.845513327
                  ],
                  [
                    -310300.80831560266,
                    6204534.88027228
                  ],
                  [
                    -310011.88009344524,
                    6204834.279367245
                  ],
                  [
                    -309382.66158742766,
                    6204710.261558727
                  ],
                  [
                    -309300.4658156786,
                    6204260.783312726
                  ],
                  [
                    -308959.60644176265,
                    6203920.790004944
                  ],
                  [
                    -308763.87166494614,
                    6203372.840226491
                  ],
                  [
                    -308917.0543878511,
                    6202521.540276779
                  ],
                  [
                    -307450.5780371785,
                    6201506.357096652
                  ],
                  [
                    -305315.3067589135,
                    6200657.218615165
                  ],
                  [
                    -304170.59887148655,
                    6200735.943615328
                  ],
                  [
                    -304081.186659384,
                    6200400.9802707825
                  ],
                  [
                    -303447.2991681235,
                    6199966.217373658
                  ],
                  [
                    -303084.4551142412,
                    6199959.304639004
                  ],
                  [
                    -302767.0603172538,
                    6199746.531023401
                  ],
                  [
                    -302128.89551306434,
                    6199804.395958676
                  ],
                  [
                    -301954.3025354285,
                    6199580.822539705
                  ],
                  [
                    -302016.5556208851,
                    6199372.347387242
                  ],
                  [
                    -303309.9123851531,
                    6198367.762889019
                  ],
                  [
                    -303072.870488176,
                    6197665.165581316
                  ],
                  [
                    -302576.31982735015,
                    6197129.126031972
                  ],
                  [
                    -302701.2884524756,
                    6196628.968404745
                  ],
                  [
                    -302555.22611761035,
                    6196471.834791
                  ],
                  [
                    -302968.12370616494,
                    6195916.504617088
                  ],
                  [
                    -302640.18047036213,
                    6195701.567366976
                  ],
                  [
                    -301684.04207239964,
                    6195978.225585581
                  ],
                  [
                    -301656.1338040447,
                    6195683.179917028
                  ],
                  [
                    -302425.3550874827,
                    6195200.533587104
                  ],
                  [
                    -302410.78091601416,
                    6194550.424891238
                  ],
                  [
                    -301393.1564325634,
                    6193557.79819015
                  ],
                  [
                    -301517.5665481538,
                    6193262.0360729415
                  ],
                  [
                    -301118.6922725082,
                    6193160.608477473
                  ],
                  [
                    -301058.8407969573,
                    6192838.9200214585
                  ],
                  [
                    -300878.84869325254,
                    6192858.14456895
                  ],
                  [
                    -300915.87966824416,
                    6192280.502443839
                  ],
                  [
                    -300530.2898211952,
                    6191820.968923451
                  ],
                  [
                    -300251.0424625153,
                    6191136.639330506
                  ],
                  [
                    -299818.3179640433,
                    6190763.399680052
                  ],
                  [
                    -299369.93742129934,
                    6190052.205327132
                  ],
                  [
                    -299049.0543183374,
                    6189300.964469206
                  ],
                  [
                    -298755.675726631,
                    6189313.720992875
                  ],
                  [
                    -298587.994958509,
                    6189074.839606598
                  ],
                  [
                    -297942.6335433469,
                    6188890.836376616
                  ],
                  [
                    -297786.96298027626,
                    6189051.969428367
                  ],
                  [
                    -298062.2023751387,
                    6189110.096613621
                  ],
                  [
                    -298105.2181385605,
                    6189288.847728948
                  ],
                  [
                    -298648.1193911763,
                    6189638.396161552
                  ],
                  [
                    -298879.37681956525,
                    6190047.280226902
                  ],
                  [
                    -297821.927964685,
                    6191972.099893581
                  ],
                  [
                    -298074.9132859358,
                    6192485.683778244
                  ],
                  [
                    -297850.0732590347,
                    6192628.766939826
                  ],
                  [
                    -297981.7002840495,
                    6192892.788416919
                  ],
                  [
                    -297938.21887511766,
                    6193608.573600023
                  ],
                  [
                    -298557.44584488333,
                    6195770.3393249335
                  ],
                  [
                    -298283.6668430974,
                    6196069.637773232
                  ],
                  [
                    -297551.7160240599,
                    6196193.721113044
                  ],
                  [
                    -297175.28660127654,
                    6196446.470775912
                  ],
                  [
                    -296971.6066173181,
                    6196118.7517781
                  ],
                  [
                    -296583.58475467976,
                    6196069.297392071
                  ],
                  [
                    -296459.3927868523,
                    6195660.862266359
                  ],
                  [
                    -296071.033677099,
                    6195513.047476632
                  ],
                  [
                    -295932.5716889217,
                    6194901.028291458
                  ],
                  [
                    -295485.4094306459,
                    6194657.040565879
                  ],
                  [
                    -293995.3672371875,
                    6194393.211243152
                  ],
                  [
                    -293145.41401354334,
                    6194654.501060431
                  ],
                  [
                    -292690.2149787667,
                    6195074.027846611
                  ],
                  [
                    -292057.0645393995,
                    6195014.257030745
                  ],
                  [
                    -291575.96681847126,
                    6195526.280457755
                  ],
                  [
                    -291038.3211954948,
                    6195236.260843768
                  ],
                  [
                    -290543.5517968092,
                    6195553.768424884
                  ],
                  [
                    -289728.2148933353,
                    6195600.746041222
                  ],
                  [
                    -289644.81697510736,
                    6195280.405454649
                  ],
                  [
                    -288717.7379116525,
                    6195326.707944234
                  ],
                  [
                    -288268.4053754581,
                    6195094.627205778
                  ],
                  [
                    -287021.2571511325,
                    6195307.807034007
                  ],
                  [
                    -286650.91597326373,
                    6195736.795613315
                  ],
                  [
                    -286445.89095431694,
                    6197120.013088663
                  ],
                  [
                    -285830.2890583136,
                    6198462.536358546
                  ],
                  [
                    -285516.3636478451,
                    6198683.665432047
                  ],
                  [
                    -284568.5987408912,
                    6198839.961850161
                  ],
                  [
                    -283151.9226077657,
                    6199811.537022599
                  ],
                  [
                    -282952.25863198657,
                    6199563.31621922
                  ],
                  [
                    -282960.3122324068,
                    6198498.02817239
                  ],
                  [
                    -283256.9214640291,
                    6197876.747299873
                  ],
                  [
                    -282530.74783919676,
                    6197316.302719919
                  ],
                  [
                    -281471.0354813306,
                    6196882.397497519
                  ],
                  [
                    -280036.1774099088,
                    6195672.311750122
                  ],
                  [
                    -279362.23215340695,
                    6195611.200944669
                  ],
                  [
                    -276851.06561124785,
                    6196362.855430612
                  ],
                  [
                    -275207.58721055853,
                    6197065.077761736
                  ],
                  [
                    -274633.12817645463,
                    6197498.674682038
                  ],
                  [
                    -273760.5562587263,
                    6197202.256761288
                  ],
                  [
                    -273387.988220396,
                    6196787.560190662
                  ],
                  [
                    -273313.96484186716,
                    6196142.4511527
                  ],
                  [
                    -272923.26778316416,
                    6195351.816897712
                  ],
                  [
                    -272280.23378758907,
                    6194855.370059663
                  ],
                  [
                    -272237.694778449,
                    6193929.964769887
                  ],
                  [
                    -271950.7814544917,
                    6193729.505564077
                  ],
                  [
                    -270849.6270414324,
                    6193813.320822302
                  ],
                  [
                    -270731.70352671307,
                    6192762.570243596
                  ],
                  [
                    -269966.8034253023,
                    6191740.754994941
                  ],
                  [
                    -269660.25365741184,
                    6191688.141635448
                  ],
                  [
                    -269012.20132723305,
                    6191900.0223301845
                  ],
                  [
                    -268755.91124390444,
                    6191777.92337693
                  ],
                  [
                    -268457.93336629024,
                    6191190.785893811
                  ],
                  [
                    -266718.80375057866,
                    6191223.469055213
                  ],
                  [
                    -264614.8019052989,
                    6190678.517152032
                  ],
                  [
                    -264264.344314141,
                    6189257.845462474
                  ],
                  [
                    -263625.3516337471,
                    6188535.449662587
                  ],
                  [
                    -263481.47626734286,
                    6187740.876711555
                  ],
                  [
                    -263151.85020135663,
                    6187246.378259416
                  ],
                  [
                    -263025.5461939525,
                    6186698.9778771475
                  ],
                  [
                    -262210.897328179,
                    6185905.472367908
                  ],
                  [
                    -261660.71565850495,
                    6184541.293771458
                  ],
                  [
                    -261852.85687230725,
                    6183994.548891742
                  ]
                ]
              ],
              [
                [
                  [
                    -389588.9902462389,
                    6217491.822432249
                  ],
                  [
                    -389687.9644150078,
                    6216620.201349064
                  ],
                  [
                    -390218.6665792628,
                    6215628.209620521
                  ],
                  [
                    -389978.3769493582,
                    6214513.289321839
                  ],
                  [
                    -389197.97541116265,
                    6213708.957307805
                  ],
                  [
                    -389152.03697806544,
                    6212883.307693349
                  ],
                  [
                    -388574.9402414601,
                    6212001.836787996
                  ],
                  [
                    -388598.1068472459,
                    6211251.547042893
                  ],
                  [
                    -388362.26955928135,
                    6210417.666944727
                  ],
                  [
                    -388793.3190243444,
                    6209678.165488385
                  ],
                  [
                    -388693.27424029657,
                    6207407.858994871
                  ],
                  [
                    -389043.2009861036,
                    6206474.3815988805
                  ],
                  [
                    -388697.223648161,
                    6205643.096645392
                  ],
                  [
                    -388790.67150956346,
                    6205086.929766019
                  ],
                  [
                    -389666.53687889606,
                    6204721.3062585695
                  ],
                  [
                    -390261.00961646426,
                    6204907.372018841
                  ],
                  [
                    -390516.4990091447,
                    6204742.65126537
                  ],
                  [
                    -390230.8153326985,
                    6204234.643263152
                  ],
                  [
                    -390106.2994502027,
                    6203189.861889385
                  ],
                  [
                    -390610.5603454255,
                    6202710.860847717
                  ],
                  [
                    -391139.71676923626,
                    6202504.504223973
                  ],
                  [
                    -391036.63789193006,
                    6202157.252330389
                  ],
                  [
                    -391330.8435065062,
                    6201475.586328801
                  ],
                  [
                    -392126.37551647605,
                    6201014.215891751
                  ],
                  [
                    -392430.73762828397,
                    6200572.934007825
                  ],
                  [
                    -392832.77037523297,
                    6200673.256163567
                  ],
                  [
                    -393247.8422276606,
                    6201210.70534704
                  ],
                  [
                    -393741.63256411336,
                    6201323.740535005
                  ],
                  [
                    -394193.84139049303,
                    6201932.758600531
                  ],
                  [
                    -395006.9408115951,
                    6201686.594613822
                  ],
                  [
                    -395208.64506930474,
                    6201249.942514585
                  ],
                  [
                    -395671.33134397666,
                    6201148.399888399
                  ],
                  [
                    -395775.60307818383,
                    6200725.002724717
                  ],
                  [
                    -395671.65908242704,
                    6200123.2755530765
                  ],
                  [
                    -395266.14047200326,
                    6199835.406365917
                  ],
                  [
                    -394327.765678014,
                    6199658.808717674
                  ],
                  [
                    -394441.1059255712,
                    6199071.210217027
                  ],
                  [
                    -394234.6212046358,
                    6198776.013096821
                  ],
                  [
                    -394363.0133402482,
                    6198491.957296793
                  ],
                  [
                    -394986.50698050344,
                    6198340.52326662
                  ],
                  [
                    -395612.1492896408,
                    6197693.074462727
                  ],
                  [
                    -396585.5286340288,
                    6197613.643807178
                  ],
                  [
                    -396305.7383315449,
                    6197167.96070285
                  ],
                  [
                    -397049.16790869815,
                    6196581.403011239
                  ],
                  [
                    -397977.6576062754,
                    6196952.333022289
                  ],
                  [
                    -398826.581048063,
                    6196243.924058095
                  ],
                  [
                    -400132.48242652364,
                    6196126.9443482775
                  ],
                  [
                    -400411.15629808756,
                    6195976.971848115
                  ],
                  [
                    -400700.44037155824,
                    6197126.59493926
                  ],
                  [
                    -401324.5641827677,
                    6197985.561162802
                  ],
                  [
                    -400388.9912121952,
                    6199108.751305294
                  ],
                  [
                    -399895.4383571271,
                    6200122.560603705
                  ],
                  [
                    -399159.4249539905,
                    6200305.650494147
                  ],
                  [
                    -398934.49282469583,
                    6201033.893634632
                  ],
                  [
                    -398124.0061177296,
                    6201133.075150504
                  ],
                  [
                    -397581.3505542629,
                    6201800.395605385
                  ],
                  [
                    -398241.35980934656,
                    6202111.38899253
                  ],
                  [
                    -398524.6482843777,
                    6202420.616967582
                  ],
                  [
                    -398527.4545957913,
                    6203462.48009887
                  ],
                  [
                    -398762.81568924617,
                    6203976.966790689
                  ],
                  [
                    -399398.6264402451,
                    6204226.189369823
                  ],
                  [
                    -399844.03284296556,
                    6204838.801781002
                  ],
                  [
                    -400770.3619900839,
                    6205287.369916677
                  ],
                  [
                    -400931.99995353573,
                    6205686.182752194
                  ],
                  [
                    -401857.4481048129,
                    6206421.587857908
                  ],
                  [
                    -402088.9302399018,
                    6207502.547978966
                  ],
                  [
                    -402304.7337556324,
                    6207814.04214918
                  ],
                  [
                    -402314.95766506315,
                    6208490.157609483
                  ],
                  [
                    -403071.7525194016,
                    6208570.615210625
                  ],
                  [
                    -403224.6685734493,
                    6208792.668571541
                  ],
                  [
                    -403219.36667935544,
                    6210219.942923442
                  ],
                  [
                    -402686.49597131624,
                    6211941.061880994
                  ],
                  [
                    -402897.853841042,
                    6212813.201890459
                  ],
                  [
                    -402637.8950359957,
                    6214278.778238656
                  ],
                  [
                    -402912.5341177241,
                    6215085.604248558
                  ],
                  [
                    -402875.8683395881,
                    6215302.606958031
                  ],
                  [
                    -402609.14501360036,
                    6215480.919910982
                  ],
                  [
                    -402771.4298825282,
                    6216063.90844346
                  ],
                  [
                    -402680.58387741935,
                    6216883.585206249
                  ],
                  [
                    -402153.1247009774,
                    6217219.951710612
                  ],
                  [
                    -401922.9277531423,
                    6217861.804270213
                  ],
                  [
                    -402480.7210222325,
                    6218267.609000663
                  ],
                  [
                    -402837.33835538354,
                    6219936.2824443625
                  ],
                  [
                    -403142.5780893055,
                    6220565.092268734
                  ],
                  [
                    -403327.4719396634,
                    6220626.923233597
                  ],
                  [
                    -403584.08198543143,
                    6220352.111246903
                  ],
                  [
                    -403931.36815988657,
                    6220316.406166643
                  ],
                  [
                    -404818.7971108207,
                    6221067.940341737
                  ],
                  [
                    -404298.7144153224,
                    6221002.813810819
                  ],
                  [
                    -404012.4694200886,
                    6221124.950845447
                  ],
                  [
                    -403787.5878280815,
                    6221637.518794386
                  ],
                  [
                    -403651.4741893601,
                    6221541.497464069
                  ],
                  [
                    -403414.28878230875,
                    6221811.905572512
                  ],
                  [
                    -403296.121783991,
                    6221471.408015828
                  ],
                  [
                    -402418.2954108358,
                    6221488.088503613
                  ],
                  [
                    -402335.02524394455,
                    6221388.027223164
                  ],
                  [
                    -402557.20669750916,
                    6221240.348880367
                  ],
                  [
                    -402530.2471664715,
                    6220604.051494389
                  ],
                  [
                    -402290.90413860034,
                    6219482.544553859
                  ],
                  [
                    -402146.0243262409,
                    6219189.596561464
                  ],
                  [
                    -401649.41661604214,
                    6218955.424540469
                  ],
                  [
                    -400237.23007944063,
                    6218831.623077232
                  ],
                  [
                    -399531.56872279936,
                    6219298.384522879
                  ],
                  [
                    -398693.3676376688,
                    6219051.795616578
                  ],
                  [
                    -397777.2935446074,
                    6219847.534330969
                  ],
                  [
                    -397180.9244909133,
                    6221026.19497648
                  ],
                  [
                    -397209.8779426232,
                    6221694.224763497
                  ],
                  [
                    -397541.7513389005,
                    6221956.491467889
                  ],
                  [
                    -397976.3528118176,
                    6221891.789871086
                  ],
                  [
                    -398470.33809356927,
                    6222293.630809957
                  ],
                  [
                    -398815.904498004,
                    6222252.339635835
                  ],
                  [
                    -399037.59387366835,
                    6222560.872823379
                  ],
                  [
                    -398736.52650346776,
                    6222889.127132877
                  ],
                  [
                    -398512.999457981,
                    6223606.883264804
                  ],
                  [
                    -398569.94152495667,
                    6224142.354284945
                  ],
                  [
                    -398741.3698826268,
                    6224304.094236829
                  ],
                  [
                    -398596.86635893676,
                    6224581.1898552375
                  ],
                  [
                    -398652.6796908696,
                    6224919.089166553
                  ],
                  [
                    -398934.8115267353,
                    6225224.5474773
                  ],
                  [
                    -398714.9557452914,
                    6225606.152316578
                  ],
                  [
                    -398799.3344634464,
                    6226002.732608487
                  ],
                  [
                    -398678.648482685,
                    6226211.176325539
                  ],
                  [
                    -399059.5411241589,
                    6227001.944147907
                  ],
                  [
                    -398659.96800738334,
                    6227718.196031688
                  ],
                  [
                    -398799.5168586589,
                    6228141.196240833
                  ],
                  [
                    -399034.62177790416,
                    6228222.209260146
                  ],
                  [
                    -398935.5883826199,
                    6228337.751618274
                  ],
                  [
                    -398353.19150310947,
                    6227811.44932712
                  ],
                  [
                    -398367.78817251406,
                    6227118.227920709
                  ],
                  [
                    -397627.8394424077,
                    6225404.022163888
                  ],
                  [
                    -397000.81792915525,
                    6224867.434796781
                  ],
                  [
                    -395911.584328142,
                    6224674.512744817
                  ],
                  [
                    -395573.6640940878,
                    6224455.052386334
                  ],
                  [
                    -395168.2493779579,
                    6223553.726271017
                  ],
                  [
                    -394357.54669076763,
                    6223150.896640417
                  ],
                  [
                    -394290.56677212747,
                    6222782.022859734
                  ],
                  [
                    -394527.66864797095,
                    6222385.781859398
                  ],
                  [
                    -394448.46342772007,
                    6222157.6891246475
                  ],
                  [
                    -394046.58525496314,
                    6222093.67693311
                  ],
                  [
                    -393231.05836633313,
                    6222435.965236208
                  ],
                  [
                    -392690.68129789014,
                    6221897.486016026
                  ],
                  [
                    -392149.37818543677,
                    6221872.573939755
                  ],
                  [
                    -391908.95848677313,
                    6221635.310870618
                  ],
                  [
                    -391910.4973945723,
                    6220902.683539546
                  ],
                  [
                    -391653.207283092,
                    6220356.627560861
                  ],
                  [
                    -390705.0074052622,
                    6220360.6875952985
                  ],
                  [
                    -389831.62341205106,
                    6219433.619215048
                  ],
                  [
                    -389074.64984077826,
                    6219297.209809232
                  ],
                  [
                    -388857.9037378663,
                    6219030.673507212
                  ],
                  [
                    -389588.9902462389,
                    6217491.822432249
                  ]
                ]
              ]
            ]
          },
          {
            "type": "MultiPoint",
            "coordinates": [
              [
                -173015.213523,
                5977299.174872
              ]
            ]
          }
        ]
      }
    },
    {
      "type": "Feature",
      "properties": {
        "id": 30,
        "name": "Archives de presse, revue",
        "type": "corpus",
        "corpus": "Archives de presse, revue",
        "corpus_code": "c_02",
        "corpus_map": "none",
        "date_start": "1969",
        "date_end": "2010"
      },
      "geometry": {
        "type": "GeometryCollection",
        "geometries": [
          {
            "type": "MultiLineString",
            "coordinates": [
              [
                [
                  -489013.1054167448,
                  6190993.167522321
                ],
                [
                  -493375.7527481189,
                  6064079.79060962
                ],
                [
                  -184421.0008262609,
                  6019660.108690174
                ],
                [
                  -168160.22440932103,
                  6141417.629665798
                ],
                [
                  -486633.4795996316,
                  6192579.58473373
                ],
                [
                  -486633.4795996316,
                  6192579.58473373
                ]
              ]
            ]
          }
        ]
      }
    },
    {
      "type": "Feature",
      "properties": {
        "id": 40,
        "name": "Archives citoyennes",
        "type": "corpus",
        "corpus": "Archives citoyennes",
        "corpus_code": "c_03",
        "corpus_map": "none",
        "date_start": "1974",
        "date_end": "2021"
      },
      "geometry": {
        "type": "GeometryCollection",
        "geometries": [
          {
            "type": "MultiLineString",
            "coordinates": [
              [
                [
                  -489013.1054167448,
                  6190993.167522321
                ],
                [
                  -493375.7527481189,
                  6064079.79060962
                ],
                [
                  -184421.0008262609,
                  6019660.108690174
                ],
                [
                  -168160.22440932103,
                  6141417.629665798
                ],
                [
                  -486633.4795996316,
                  6192579.58473373
                ],
                [
                  -486633.4795996316,
                  6192579.58473373
                ]
              ]
            ]
          }
        ]
      }
    },
    {
      "type": "Feature",
      "properties": {
        "id": 50,
        "name": "Entretiens et t\u00e9moignages ",
        "type": "corpus",
        "corpus": "Entretiens et t\u00e9moignages ",
        "corpus_code": "c_04",
        "corpus_map": "none",
        "date_start": "1996",
        "date_end": "2017"
      },
      "geometry": {
        "type": "GeometryCollection",
        "geometries": [
          {
            "type": "MultiLineString",
            "coordinates": [
              [
                [
                  -489013.1054167448,
                  6190993.167522321
                ],
                [
                  -493375.7527481189,
                  6064079.79060962
                ],
                [
                  -184421.0008262609,
                  6019660.108690174
                ],
                [
                  -168160.22440932103,
                  6141417.629665798
                ],
                [
                  -486633.4795996316,
                  6192579.58473373
                ],
                [
                  -486633.4795996316,
                  6192579.58473373
                ]
              ]
            ]
          }
        ]
      }
    },
    {
      "type": "Feature",
      "properties": {
        "id": 70,
        "name": "Archives publiques",
        "type": "corpus",
        "corpus": "Archives publiques",
        "corpus_code": "c_06",
        "corpus_map": "none",
        "date_start": "2005",
        "date_end": "2024"
      },
      "geometry": {
        "type": "GeometryCollection",
        "geometries": [
          {
            "type": "MultiLineString",
            "coordinates": [
              [
                [
                  -489013.1054167448,
                  6190993.167522321
                ],
                [
                  -493375.7527481189,
                  6064079.79060962
                ],
                [
                  -184421.0008262609,
                  6019660.108690174
                ],
                [
                  -168160.22440932103,
                  6141417.629665798
                ],
                [
                  -486633.4795996316,
                  6192579.58473373
                ],
                [
                  -486633.4795996316,
                  6192579.58473373
                ]
              ]
            ]
          }
        ]
      }
    },
    {
      "type": "Feature",
      "properties": {
        "id": 80,
        "name": "Enqu\u00eates communales",
        "type": "corpus",
        "corpus": "Enqu\u00eates communales",
        "corpus_code": "c_07",
        "corpus_map": "none",
        "date_start": "1982",
        "date_end": "2026"
      },
      "geometry": {
        "type": "GeometryCollection",
        "geometries": [
          {
            "type": "MultiLineString",
            "coordinates": [
              [
                [
                  -489013.1054167448,
                  6190993.167522321
                ],
                [
                  -493375.7527481189,
                  6064079.79060962
                ],
                [
                  -184421.0008262609,
                  6019660.108690174
                ],
                [
                  -168160.22440932103,
                  6141417.629665798
                ],
                [
                  -486633.4795996316,
                  6192579.58473373
                ],
                [
                  -486633.4795996316,
                  6192579.58473373
                ]
              ]
            ]
          }
        ]
      }
    },
    {
      "type": "Feature",
      "properties": {
        "id": 22,
        "name": "Photographie a\u00e9rienne de Saint Michel en Gr\u00e8ve en juillet 2016",
        "type": "data",
        "corpus": "Photographies a\u00e9riennes du littoral",
        "corpus_code": "c_01",
        "corpus_map": "c_01",
        "date_start": "2016",
        "date_end": ""
      },
      "geometry": {
        "type": "GeometryCollection",
        "geometries": [
          {
            "type": "MultiPolygon",
            "coordinates": [
              [
                [
                  [
                    -396416.96314064396,
                    6221397.871652559
                  ],
                  [
                    -398188.7416782347,
                    6218310.958530364
                  ],
                  [
                    -408636.75532258453,
                    6220155.800100432
                  ],
                  [
                    -403595.4060816046,
                    6228649.377625998
                  ],
                  [
                    -396416.96314064396,
                    6221397.871652559
                  ]
                ]
              ]
            ]
          },
          {
            "type": "MultiPoint",
            "coordinates": [
              [
                -343069.985112,
                6251288.598507
              ]
            ]
          }
        ]
      }
    },
    {
      "type": "Feature",
      "properties": {
        "id": 21,
        "name": "Photographie a\u00e9rienne de la baie de Saint Michel en Gr\u00e8ve en mai 1971",
        "type": "data",
        "corpus": "Photographies a\u00e9riennes du littoral",
        "corpus_code": "c_01",
        "corpus_map": "c_01",
        "date_start": "1971",
        "date_end": ""
      },
      "geometry": {
        "type": "GeometryCollection",
        "geometries": [
          {
            "type": "MultiPolygon",
            "coordinates": [
              [
                [
                  [
                    -406210.16757794895,
                    6223983.037847981
                  ],
                  [
                    -406446.8982805371,
                    6211909.772015986
                  ],
                  [
                    -394639.9544889542,
                    6211673.041313398
                  ],
                  [
                    -394491.9977998366,
                    6223835.081158862
                  ],
                  [
                    -406210.16757794895,
                    6223983.037847981
                  ]
                ]
              ]
            ]
          },
          {
            "type": "MultiPoint",
            "coordinates": [
              [
                -171755,
                5975868
              ]
            ]
          }
        ]
      }
    },
    {
      "type": "Feature",
      "properties": {
        "id": 24,
        "name": "Photographie a\u00e9rienne de la baie de La Fresnaye en juillet 2023",
        "type": "data",
        "corpus": "Photographies a\u00e9riennes du littoral",
        "corpus_code": "c_01",
        "corpus_map": "c_01",
        "date_start": "2023",
        "date_end": ""
      },
      "geometry": {
        "type": "GeometryCollection",
        "geometries": [
          {
            "type": "MultiPolygon",
            "coordinates": [
              [
                [
                  [
                    -253160.24557641163,
                    6213449.241546785
                  ],
                  [
                    -255853.28554869807,
                    6215818.5988300955
                  ],
                  [
                    -265149.45237611,
                    6209034.209669143
                  ],
                  [
                    -258261.48475468502,
                    6203311.499728034
                  ],
                  [
                    -253160.24557641163,
                    6213449.241546785
                  ]
                ]
              ]
            ]
          },
          {
            "type": "MultiPoint",
            "coordinates": [
              [
                -343069.985112,
                6251288.598507
              ]
            ]
          }
        ]
      }
    },
    {
      "type": "Feature",
      "properties": {
        "id": 23,
        "name": "Photographie a\u00e9rienne de la baie de La Fresnaye en mai 1966",
        "type": "data",
        "corpus": "Photographies a\u00e9riennes du littoral",
        "corpus_code": "c_01",
        "corpus_map": "c_01",
        "date_start": "1966",
        "date_end": ""
      },
      "geometry": {
        "type": "GeometryCollection",
        "geometries": [
          {
            "type": "MultiPolygon",
            "coordinates": [
              [
                [
                  [
                    -254869.61216186616,
                    6214803.724281432
                  ],
                  [
                    -254869.61216186616,
                    6206977.084439275
                  ],
                  [
                    -263829.3312305026,
                    6206956.101490636
                  ],
                  [
                    -263787.3653332256,
                    6214740.775435517
                  ],
                  [
                    -254869.61216186616,
                    6214803.724281432
                  ]
                ]
              ]
            ]
          },
          {
            "type": "MultiPoint",
            "coordinates": [
              [
                -171755,
                5975868
              ]
            ]
          }
        ]
      }
    },
    {
      "type": "Feature",
      "properties": {
        "id": 25,
        "name": "Photographie a\u00e9rienne de la Plage du Ry en juillet 2018",
        "type": "data",
        "corpus": "Photographies a\u00e9riennes du littoral",
        "corpus_code": "c_01",
        "corpus_map": "c_01",
        "date_start": "2018",
        "date_end": ""
      },
      "geometry": {
        "type": "GeometryCollection",
        "geometries": [
          {
            "type": "MultiPolygon",
            "coordinates": [
              [
                [
                  [
                    -479187.8672888681,
                    6121280.595860658
                  ],
                  [
                    -477598.58528599236,
                    6122342.275080502
                  ],
                  [
                    -477919.0311480794,
                    6124870.236881411
                  ],
                  [
                    -480872.63568499207,
                    6122649.773635028
                  ],
                  [
                    -479187.8672888681,
                    6121280.595860658
                  ]
                ]
              ]
            ]
          },
          {
            "type": "MultiPoint",
            "coordinates": [
              [
                -343069.985112,
                6251288.598507
              ]
            ]
          }
        ]
      }
    },
    {
      "type": "Feature",
      "properties": {
        "id": 41,
        "name": "Test int\u00e9gration du son",
        "type": "data",
        "corpus": "Archives citoyennes",
        "corpus_code": "c_03",
        "corpus_map": "c_03",
        "date_start": "2022",
        "date_end": ""
      },
      "geometry": {
        "type": "GeometryCollection",
        "geometries": [
          {
            "type": "MultiPolygon",
            "coordinates": [
              [
                [
                  [
                    -298341.4937172305,
                    6192228.604457468
                  ],
                  [
                    -290107.0061096623,
                    6190830.295241089
                  ],
                  [
                    -288883.4855453303,
                    6200230.040528972
                  ],
                  [
                    -297143.8677680166,
                    6201408.245516847
                  ],
                  [
                    -298341.4937172305,
                    6192228.604457468
                  ]
                ]
              ]
            ]
          },
          {
            "type": "MultiPoint",
            "coordinates": [
              [
                -171755,
                5975868
              ]
            ]
          }
        ]
      }
    },
    {
      "type": "Feature",
      "properties": {
        "id": 81,
        "name": "Enqu\u00eate ramassage de 1983 collect\u00e9e aupr\u00e8s de la mairie de Plou\u00e9zec",
        "type": "data",
        "corpus": "Enqu\u00eates communales",
        "corpus_code": "c_07",
        "corpus_map": "c_07",
        "date_start": "1983",
        "date_end": ""
      },
      "geometry": {
        "type": "GeometryCollection",
        "geometries": [
          {
            "type": "MultiPolygon",
            "coordinates": [
              [
                [
                  [
                    -335565.20000000007,
                    6227455.579997636
                  ],
                  [
                    -335841.3800000002,
                    6227929.68999764
                  ],
                  [
                    -335647.09000000026,
                    6228460.619997639
                  ],
                  [
                    -335790.06000000006,
                    6228865.399997645
                  ],
                  [
                    -335643.3800000001,
                    6229702.739997642
                  ],
                  [
                    -335984.39,
                    6229861.5599976415
                  ],
                  [
                    -336264.95000000007,
                    6230274.699997646
                  ],
                  [
                    -336413.66000000015,
                    6230627.049997644
                  ],
                  [
                    -336332.91000000003,
                    6231040.589997643
                  ],
                  [
                    -336559.1,
                    6231171.039997645
                  ],
                  [
                    -336484.26000000007,
                    6231617.309997647
                  ],
                  [
                    -336082.27000000014,
                    6232411.959997648
                  ],
                  [
                    -336084.82000000007,
                    6232600.0399976475
                  ],
                  [
                    -336302.73,
                    6232884.309997646
                  ],
                  [
                    -336218.57,
                    6234054.649997649
                  ],
                  [
                    -336054.2299999998,
                    6234210.92999765
                  ],
                  [
                    -335997.3400000001,
                    6234063.179997649
                  ],
                  [
                    -335878.48000000016,
                    6234095.249997652
                  ],
                  [
                    -335407.8200000002,
                    6233743.199997652
                  ],
                  [
                    -335247.1899999999,
                    6233350.49999765
                  ],
                  [
                    -334684.47000000003,
                    6232901.479997652
                  ],
                  [
                    -334585.99000000017,
                    6232501.079997647
                  ],
                  [
                    -334267.5999999999,
                    6232146.849997646
                  ],
                  [
                    -333955.97999999986,
                    6232687.439997649
                  ],
                  [
                    -333968.94000000024,
                    6233065.959997649
                  ],
                  [
                    -333190.0600000001,
                    6233515.4499976495
                  ],
                  [
                    -332918.4500000001,
                    6233200.839997651
                  ],
                  [
                    -332799.7199999999,
                    6233349.21999765
                  ],
                  [
                    -332730.9500000002,
                    6233952.539997649
                  ],
                  [
                    -332933.69,
                    6234548.619997651
                  ],
                  [
                    -332887.3400000001,
                    6234721.819997653
                  ],
                  [
                    -332408.21,
                    6234760.459997653
                  ],
                  [
                    -331768.9400000001,
                    6234522.309997652
                  ],
                  [
                    -330985.7000000002,
                    6234593.799997651
                  ],
                  [
                    -330736.74,
                    6234747.029997653
                  ],
                  [
                    -330091.0799999998,
                    6234690.729997652
                  ],
                  [
                    -329555.5800000001,
                    6234807.749997654
                  ],
                  [
                    -329189.2500000001,
                    6235054.7299976535
                  ],
                  [
                    -329018.7300000001,
                    6235776.859997656
                  ],
                  [
                    -328590.35,
                    6236210.8499976555
                  ],
                  [
                    -328283.3500000001,
                    6235741.609997655
                  ],
                  [
                    -328629.7100000002,
                    6235591.599997655
                  ],
                  [
                    -328603.28,
                    6235034.889997652
                  ],
                  [
                    -327689.27000000014,
                    6233762.469997652
                  ],
                  [
                    -326588.73000000016,
                    6233707.729997654
                  ],
                  [
                    -326479.4300000001,
                    6233469.43999765
                  ],
                  [
                    -326001.53999999986,
                    6233302.719997649
                  ],
                  [
                    -325994.01000000007,
                    6233138.579997649
                  ],
                  [
                    -326236.60000000003,
                    6233091.459997649
                  ],
                  [
                    -326555.02000000014,
                    6232589.769997645
                  ],
                  [
                    -326999.39999999997,
                    6232384.179997645
                  ],
                  [
                    -327061.84000000026,
                    6232045.749997648
                  ],
                  [
                    -327522.30000000005,
                    6231574.329997646
                  ],
                  [
                    -327390.64000000013,
                    6230811.3399976455
                  ],
                  [
                    -327156.06000000006,
                    6230729.959997644
                  ],
                  [
                    -327061.94999999995,
                    6230865.9299976425
                  ],
                  [
                    -326618.74,
                    6230615.109997646
                  ],
                  [
                    -326608.35,
                    6230347.579997641
                  ],
                  [
                    -326789.8200000001,
                    6230145.439997641
                  ],
                  [
                    -326695.52999999997,
                    6230107.289997643
                  ],
                  [
                    -327030.16000000015,
                    6229617.189997642
                  ],
                  [
                    -327074.1400000002,
                    6229411.369997643
                  ],
                  [
                    -326954.00000000006,
                    6229300.959997643
                  ],
                  [
                    -327490.9900000001,
                    6229146.099997643
                  ],
                  [
                    -327539.12000000005,
                    6228890.579997639
                  ],
                  [
                    -327959.0199999999,
                    6228703.289997636
                  ],
                  [
                    -327934.7700000001,
                    6228584.0299976375
                  ],
                  [
                    -327972.8099999999,
                    6228701.229997642
                  ],
                  [
                    -328107.9200000001,
                    6228622.58999764
                  ],
                  [
                    -328377.08000000025,
                    6228736.199997641
                  ],
                  [
                    -329232.18999999994,
                    6228541.149997641
                  ],
                  [
                    -330132.1900000002,
                    6227172.369997637
                  ],
                  [
                    -330215.3699999999,
                    6226861.409997636
                  ],
                  [
                    -331072.9200000001,
                    6226253.499997636
                  ],
                  [
                    -331479.0900000002,
                    6225780.1299976325
                  ],
                  [
                    -331884.83000000013,
                    6225868.109997638
                  ],
                  [
                    -332343.5700000001,
                    6225654.549997637
                  ],
                  [
                    -332868.3199999999,
                    6225848.809997634
                  ],
                  [
                    -333667.10000000003,
                    6225808.339997632
                  ],
                  [
                    -335024.53000000014,
                    6226189.729997635
                  ],
                  [
                    -335261.61000000016,
                    6226305.6999976365
                  ],
                  [
                    -335252.68999999994,
                    6226612.719997636
                  ],
                  [
                    -335462.1400000002,
                    6226836.539997637
                  ],
                  [
                    -335387.38999999996,
                    6227108.329997638
                  ],
                  [
                    -335565.20000000007,
                    6227455.579997636
                  ]
                ]
              ]
            ]
          },
          {
            "type": "MultiPoint",
            "coordinates": [
              [
                -343069.985112,
                6251288.598507
              ]
            ]
          }
        ]
      }
    },
    {
      "type": "Feature",
      "properties": {
        "id": 63,
        "name": "Les mar\u00e9es vertes sur le littoral breton - Bilan 1985 par Jean Yves Piriou",
        "type": "data",
        "corpus": "Etudes et expertises scientifiques",
        "corpus_code": "c_05",
        "corpus_map": "c_05",
        "date_start": "1985",
        "date_end": ""
      },
      "geometry": {
        "type": "GeometryCollection",
        "geometries": [
          {
            "type": "MultiPolygon",
            "coordinates": [
              [
                [
                  [
                    -261852.85687230725,
                    6183994.548891742
                  ],
                  [
                    -263153.65649055946,
                    6183387.388763023
                  ],
                  [
                    -263634.9869278696,
                    6183243.640548046
                  ],
                  [
                    -264130.02603425406,
                    6183407.338060586
                  ],
                  [
                    -264457.3565781789,
                    6183310.564213365
                  ],
                  [
                    -265867.2151541419,
                    6182188.512360832
                  ],
                  [
                    -266332.20800623077,
                    6181498.389452424
                  ],
                  [
                    -266491.3191160286,
                    6180810.160631098
                  ],
                  [
                    -266380.0324252229,
                    6180086.897099347
                  ],
                  [
                    -265227.5315235343,
                    6179210.473682172
                  ],
                  [
                    -265046.742500826,
                    6178405.4933112785
                  ],
                  [
                    -264745.1089209899,
                    6178147.04712129
                  ],
                  [
                    -264745.8299968015,
                    6177908.304007477
                  ],
                  [
                    -265448.8320804403,
                    6177172.538839754
                  ],
                  [
                    -265333.7793077394,
                    6175705.122221158
                  ],
                  [
                    -265646.7631710435,
                    6175448.993499875
                  ],
                  [
                    -266914.4197029415,
                    6175191.237078655
                  ],
                  [
                    -267195.94351439254,
                    6174613.905459096
                  ],
                  [
                    -267322.3617815319,
                    6173839.05976424
                  ],
                  [
                    -268166.6589131005,
                    6173032.722066229
                  ],
                  [
                    -268351.67952033755,
                    6171606.792489646
                  ],
                  [
                    -268859.4349328769,
                    6171412.868691945
                  ],
                  [
                    -270113.915966461,
                    6171372.947299808
                  ],
                  [
                    -271223.9882882271,
                    6170390.346740997
                  ],
                  [
                    -271457.58134359185,
                    6171188.337314142
                  ],
                  [
                    -271719.80026536575,
                    6171442.693456469
                  ],
                  [
                    -273832.89396679326,
                    6171015.950376659
                  ],
                  [
                    -274772.8216616566,
                    6171666.472639044
                  ],
                  [
                    -275714.9395039952,
                    6171391.14815946
                  ],
                  [
                    -276605.7749756501,
                    6170673.484746307
                  ],
                  [
                    -277117.9131508152,
                    6169254.489542384
                  ],
                  [
                    -277832.7972628981,
                    6168689.677557031
                  ],
                  [
                    -277979.59276544175,
                    6167696.522949486
                  ],
                  [
                    -278849.23325979424,
                    6167131.146487926
                  ],
                  [
                    -279394.07635108836,
                    6166303.6755253505
                  ],
                  [
                    -280382.0870690078,
                    6166004.038778523
                  ],
                  [
                    -280718.9696639774,
                    6165586.211277451
                  ],
                  [
                    -280819.1407628571,
                    6164843.759178718
                  ],
                  [
                    -280493.16647167504,
                    6164046.234256221
                  ],
                  [
                    -280604.7309819485,
                    6163052.784545798
                  ],
                  [
                    -281201.0895892276,
                    6163211.740719766
                  ],
                  [
                    -282012.98776424985,
                    6162645.389454282
                  ],
                  [
                    -281732.56128984736,
                    6161442.657191282
                  ],
                  [
                    -282183.68951766985,
                    6160349.903870594
                  ],
                  [
                    -282798.1216432823,
                    6159442.98814049
                  ],
                  [
                    -282458.16298353596,
                    6158444.794555508
                  ],
                  [
                    -283419.36122281797,
                    6157775.845063444
                  ],
                  [
                    -284028.82943238644,
                    6157834.358139635
                  ],
                  [
                    -284846.7961261584,
                    6158420.959728298
                  ],
                  [
                    -284997.5827172936,
                    6158934.763789343
                  ],
                  [
                    -285547.0832667647,
                    6159600.023459203
                  ],
                  [
                    -286974.4535751839,
                    6160115.20112998
                  ],
                  [
                    -287631.07280319877,
                    6160803.773684921
                  ],
                  [
                    -288047.8588585287,
                    6160881.752247318
                  ],
                  [
                    -288334.74035266356,
                    6161694.6848375695
                  ],
                  [
                    -288706.428284943,
                    6161601.982856319
                  ],
                  [
                    -288902.5289726594,
                    6161346.670742126
                  ],
                  [
                    -289986.6147405523,
                    6161056.590545972
                  ],
                  [
                    -291579.3432404357,
                    6161417.432179121
                  ],
                  [
                    -291901.1786242027,
                    6161395.490963519
                  ],
                  [
                    -292346.8773883213,
                    6160949.585148974
                  ],
                  [
                    -293778.87187435536,
                    6161289.97433804
                  ],
                  [
                    -294270.43394510413,
                    6161050.480833062
                  ],
                  [
                    -295048.17522170313,
                    6161551.51922643
                  ],
                  [
                    -296124.6853764502,
                    6161027.336926961
                  ],
                  [
                    -296430.99293731444,
                    6162723.0081162965
                  ],
                  [
                    -297154.34863190306,
                    6164402.708134873
                  ],
                  [
                    -297864.52607073775,
                    6164993.95859538
                  ],
                  [
                    -299637.08631733025,
                    6165915.536262165
                  ],
                  [
                    -299769.66620612575,
                    6166601.253080775
                  ],
                  [
                    -300620.86359128635,
                    6167251.344408448
                  ],
                  [
                    -301201.5389467379,
                    6167318.230394095
                  ],
                  [
                    -301516.10496405733,
                    6167531.936616231
                  ],
                  [
                    -301952.57708243903,
                    6168447.211477473
                  ],
                  [
                    -302263.0058304615,
                    6168125.203672509
                  ],
                  [
                    -302548.03714222094,
                    6168297.04298545
                  ],
                  [
                    -302880.3043665066,
                    6167751.720103249
                  ],
                  [
                    -303673.0222370588,
                    6168189.553680936
                  ],
                  [
                    -304731.19769477646,
                    6167982.1315235635
                  ],
                  [
                    -304941.0174856977,
                    6168152.719331604
                  ],
                  [
                    -304659.19627653697,
                    6168521.2304821685
                  ],
                  [
                    -304699.14579332067,
                    6168721.007424081
                  ],
                  [
                    -305047.7832273168,
                    6168666.572259293
                  ],
                  [
                    -305546.3174856297,
                    6168134.538300627
                  ],
                  [
                    -306261.661455318,
                    6168047.4180850005
                  ],
                  [
                    -307347.41848266835,
                    6168823.584908033
                  ],
                  [
                    -308022.4233866396,
                    6168669.411130709
                  ],
                  [
                    -307925.5015920054,
                    6169148.290009333
                  ],
                  [
                    -306792.64153973485,
                    6170090.295685515
                  ],
                  [
                    -306756.47965953633,
                    6170787.245347333
                  ],
                  [
                    -306922.97287654475,
                    6170918.452166374
                  ],
                  [
                    -307973.02487853635,
                    6170671.846099812
                  ],
                  [
                    -309127.2101488909,
                    6170916.574848763
                  ],
                  [
                    -309962.32704077126,
                    6170792.590163417
                  ],
                  [
                    -310446.9961560502,
                    6171046.162758017
                  ],
                  [
                    -311445.4923382587,
                    6170702.850758529
                  ],
                  [
                    -311535.77098198276,
                    6170539.833874347
                  ],
                  [
                    -311209.3800953642,
                    6170245.680597576
                  ],
                  [
                    -311147.94681652065,
                    6169070.429429854
                  ],
                  [
                    -312168.06831239857,
                    6167934.524826309
                  ],
                  [
                    -312949.87151064846,
                    6167759.469344799
                  ],
                  [
                    -313730.1378145976,
                    6167147.918644401
                  ],
                  [
                    -314964.3458599217,
                    6166713.382772565
                  ],
                  [
                    -316051.4953918127,
                    6166650.542111968
                  ],
                  [
                    -316554.99458131293,
                    6165749.461942749
                  ],
                  [
                    -316499.6414333062,
                    6164999.911066552
                  ],
                  [
                    -316654.5265527725,
                    6164244.112824988
                  ],
                  [
                    -316917.7112343158,
                    6164492.251575264
                  ],
                  [
                    -317531.38359985483,
                    6164489.445503973
                  ],
                  [
                    -317957.4767384781,
                    6164676.961781153
                  ],
                  [
                    -318293.99792790174,
                    6165123.892417063
                  ],
                  [
                    -318596.56769620214,
                    6165147.543831831
                  ],
                  [
                    -319987.4350533867,
                    6164110.289541638
                  ],
                  [
                    -320097.96345361584,
                    6163392.186636618
                  ],
                  [
                    -321171.5102658104,
                    6163541.042959118
                  ],
                  [
                    -321839.1792329682,
                    6163786.225658421
                  ],
                  [
                    -322100.03395070526,
                    6164111.295744072
                  ],
                  [
                    -323078.38982592156,
                    6164296.386050798
                  ],
                  [
                    -323493.2282777407,
                    6164289.70035611
                  ],
                  [
                    -323637.5298768032,
                    6163813.726422285
                  ],
                  [
                    -324374.02155277954,
                    6164117.397330395
                  ],
                  [
                    -324894.45267637644,
                    6164385.9120822
                  ],
                  [
                    -324816.79709979484,
                    6165206.071255312
                  ],
                  [
                    -325281.8641317222,
                    6165478.319210671
                  ],
                  [
                    -325351.21786246536,
                    6165706.0757953245
                  ],
                  [
                    -326398.11791464017,
                    6164865.790203788
                  ],
                  [
                    -327621.60942756635,
                    6165314.725896893
                  ],
                  [
                    -328039.49213898607,
                    6165755.863542361
                  ],
                  [
                    -328665.6385389632,
                    6165823.727853803
                  ],
                  [
                    -329237.28264802916,
                    6166088.585675394
                  ],
                  [
                    -329570.6204506054,
                    6166099.235839788
                  ],
                  [
                    -330257.7451779442,
                    6165776.507125506
                  ],
                  [
                    -330962.6006381653,
                    6166430.532131349
                  ],
                  [
                    -331439.1698129515,
                    6166511.466460769
                  ],
                  [
                    -331211.9106206662,
                    6166935.949941039
                  ],
                  [
                    -331129.47900796495,
                    6167587.7625714475
                  ],
                  [
                    -331282.07446375507,
                    6167707.31357816
                  ],
                  [
                    -332024.5711049744,
                    6167845.600002908
                  ],
                  [
                    -332719.6739686828,
                    6167706.121679728
                  ],
                  [
                    -333600.4980825102,
                    6167933.1150683975
                  ],
                  [
                    -336960.8354186677,
                    6167206.63146057
                  ],
                  [
                    -337445.89671364496,
                    6167541.818022625
                  ],
                  [
                    -337249.7182532232,
                    6168307.272400459
                  ],
                  [
                    -337379.7510156835,
                    6168779.995468098
                  ],
                  [
                    -337197.574647885,
                    6169111.178445953
                  ],
                  [
                    -337493.4995081821,
                    6169122.545057126
                  ],
                  [
                    -337830.0979249561,
                    6169795.689008998
                  ],
                  [
                    -336432.5279785775,
                    6170922.999834472
                  ],
                  [
                    -336512.8275713866,
                    6171326.947292389
                  ],
                  [
                    -336242.40789339255,
                    6171691.415775769
                  ],
                  [
                    -336312.64054446336,
                    6172015.954108875
                  ],
                  [
                    -336092.6088449291,
                    6172456.954883946
                  ],
                  [
                    -336245.0058450263,
                    6173877.313078054
                  ],
                  [
                    -336001.3986235811,
                    6174502.82989698
                  ],
                  [
                    -335376.1678966571,
                    6175124.352294462
                  ],
                  [
                    -335270.5383504116,
                    6175787.590356738
                  ],
                  [
                    -334146.88040209777,
                    6176013.91880712
                  ],
                  [
                    -334090.0490555446,
                    6176466.604355112
                  ],
                  [
                    -333676.69622296817,
                    6176659.462860108
                  ],
                  [
                    -333080.7038093183,
                    6177539.063416552
                  ],
                  [
                    -332796.95003388845,
                    6177509.891529698
                  ],
                  [
                    -332373.06581483805,
                    6177080.868662178
                  ],
                  [
                    -331663.42977993167,
                    6177351.280854432
                  ],
                  [
                    -331087.1813585487,
                    6176850.825355111
                  ],
                  [
                    -329787.44940379536,
                    6176816.512928257
                  ],
                  [
                    -329355.33129048074,
                    6176508.632223361
                  ],
                  [
                    -329130.21689698385,
                    6176678.13940945
                  ],
                  [
                    -328855.13114725595,
                    6177429.731771111
                  ],
                  [
                    -328093.29680523253,
                    6177394.966720052
                  ],
                  [
                    -327666.7269123017,
                    6178291.533555824
                  ],
                  [
                    -327031.2244659349,
                    6178367.642365588
                  ],
                  [
                    -327189.5384265628,
                    6179333.431096628
                  ],
                  [
                    -327484.110711258,
                    6179974.189575254
                  ],
                  [
                    -327415.99489371036,
                    6180217.823175864
                  ],
                  [
                    -326408.14405948296,
                    6180946.422367157
                  ],
                  [
                    -326437.84589789173,
                    6181661.119744681
                  ],
                  [
                    -325706.0123568067,
                    6182147.47488454
                  ],
                  [
                    -325093.7717579418,
                    6182283.915236553
                  ],
                  [
                    -324810.3634186246,
                    6182644.617287499
                  ],
                  [
                    -324749.5852656046,
                    6183654.558790022
                  ],
                  [
                    -324943.0347420593,
                    6184021.242381707
                  ],
                  [
                    -324703.9511737059,
                    6184757.177136826
                  ],
                  [
                    -324283.736132446,
                    6185104.610521672
                  ],
                  [
                    -323873.59247716784,
                    6185038.352810981
                  ],
                  [
                    -323752.21105354175,
                    6185208.363237452
                  ],
                  [
                    -323786.1240426836,
                    6185989.675596492
                  ],
                  [
                    -323100.88727414457,
                    6186139.9182676505
                  ],
                  [
                    -322441.3702618201,
                    6186659.159107283
                  ],
                  [
                    -321833.39351946,
                    6187612.125822094
                  ],
                  [
                    -321753.0497228033,
                    6188195.660370817
                  ],
                  [
                    -321909.7098089835,
                    6189102.194998887
                  ],
                  [
                    -322075.1012551562,
                    6189340.825464061
                  ],
                  [
                    -322530.0562149477,
                    6189399.705198928
                  ],
                  [
                    -322947.2506290689,
                    6190021.180703396
                  ],
                  [
                    -323506.1204411506,
                    6190390.928267362
                  ],
                  [
                    -323806.0148032493,
                    6191110.994954813
                  ],
                  [
                    -325470.4091419075,
                    6191489.746840439
                  ],
                  [
                    -326654.29779625806,
                    6192376.019508332
                  ],
                  [
                    -327103.4570513673,
                    6196398.121581294
                  ],
                  [
                    -327333.7927748622,
                    6196883.953368651
                  ],
                  [
                    -328035.3471984388,
                    6197480.498329726
                  ],
                  [
                    -328192.9327321593,
                    6197915.223715619
                  ],
                  [
                    -328021.3746588108,
                    6198058.718880166
                  ],
                  [
                    -327367.6599309307,
                    6197928.564806187
                  ],
                  [
                    -327380.1440490063,
                    6198589.732433284
                  ],
                  [
                    -327022.764266956,
                    6199388.02882677
                  ],
                  [
                    -327039.1405756261,
                    6200218.830426924
                  ],
                  [
                    -326838.9373274014,
                    6200726.437191709
                  ],
                  [
                    -327420.28007400676,
                    6201687.539659445
                  ],
                  [
                    -327672.89315300266,
                    6202795.067420435
                  ],
                  [
                    -327391.19754011446,
                    6204275.394081971
                  ],
                  [
                    -327395.36133410316,
                    6205419.81649312
                  ],
                  [
                    -327091.6889978199,
                    6205760.282329648
                  ],
                  [
                    -326055.75971399836,
                    6206074.127358741
                  ],
                  [
                    -325799.7441247946,
                    6206291.656512163
                  ],
                  [
                    -324281.3884447993,
                    6206604.382015331
                  ],
                  [
                    -323542.7450832414,
                    6207225.675070758
                  ],
                  [
                    -323183.9269130759,
                    6208083.719542322
                  ],
                  [
                    -322888.4408351932,
                    6210051.2264684895
                  ],
                  [
                    -323217.0099443553,
                    6210579.843912357
                  ],
                  [
                    -323263.11426572467,
                    6211066.739720815
                  ],
                  [
                    -322641.6273598645,
                    6212096.206149325
                  ],
                  [
                    -322919.76350168337,
                    6212819.574466647
                  ],
                  [
                    -324131.3824802932,
                    6214071.077555826
                  ],
                  [
                    -324064.8999725982,
                    6214334.591575416
                  ],
                  [
                    -323469.40672026423,
                    6214876.568302404
                  ],
                  [
                    -323431.41216687084,
                    6215723.357468162
                  ],
                  [
                    -323100.04860263254,
                    6215894.641319134
                  ],
                  [
                    -322873.5052114883,
                    6216433.286509272
                  ],
                  [
                    -322911.1430891194,
                    6216731.009434521
                  ],
                  [
                    -322472.9861218687,
                    6216969.311982411
                  ],
                  [
                    -322420.1240936671,
                    6217570.05192293
                  ],
                  [
                    -321883.461488773,
                    6217708.103932757
                  ],
                  [
                    -321394.2223452476,
                    6218215.647861464
                  ],
                  [
                    -321430.16726744827,
                    6218573.793571604
                  ],
                  [
                    -321665.003143124,
                    6218867.304626658
                  ],
                  [
                    -321596.95120091306,
                    6219685.334500716
                  ],
                  [
                    -321075.5939908258,
                    6219819.392867611
                  ],
                  [
                    -321021.56104561035,
                    6220040.391761212
                  ],
                  [
                    -320684.9156029049,
                    6219759.054125585
                  ],
                  [
                    -320121.22247082496,
                    6219820.972005414
                  ],
                  [
                    -319881.6696033467,
                    6219656.150048268
                  ],
                  [
                    -319504.8112197591,
                    6219796.7577833785
                  ],
                  [
                    -319405.82564534486,
                    6219446.328998134
                  ],
                  [
                    -318964.75695879944,
                    6219323.948135935
                  ],
                  [
                    -318258.19975073956,
                    6220064.7253793795
                  ],
                  [
                    -317809.86778950074,
                    6219374.708757762
                  ],
                  [
                    -317676.5342746698,
                    6218546.940851101
                  ],
                  [
                    -317071.22937225347,
                    6218666.038936064
                  ],
                  [
                    -316833.3842447874,
                    6218180.624003843
                  ],
                  [
                    -316327.01052333176,
                    6218078.9835478375
                  ],
                  [
                    -316241.6606049713,
                    6217287.633803254
                  ],
                  [
                    -315982.22338561394,
                    6217023.892965224
                  ],
                  [
                    -315755.2106433104,
                    6217023.769852161
                  ],
                  [
                    -315914.5658871508,
                    6216709.564743738
                  ],
                  [
                    -315684.23270992714,
                    6216542.697242098
                  ],
                  [
                    -315151.8309715147,
                    6216526.212680825
                  ],
                  [
                    -314704.0979938272,
                    6216716.6363651
                  ],
                  [
                    -314638.37654486316,
                    6215643.259352643
                  ],
                  [
                    -314433.97117218067,
                    6215503.3627945045
                  ],
                  [
                    -314081.24151174177,
                    6215687.643195099
                  ],
                  [
                    -313669.2299044919,
                    6215705.572177627
                  ],
                  [
                    -313367.23543283844,
                    6215346.017424476
                  ],
                  [
                    -313668.08312459476,
                    6215640.4354788475
                  ],
                  [
                    -313913.4827784405,
                    6215643.921312721
                  ],
                  [
                    -314276.55957382417,
                    6215249.774457786
                  ],
                  [
                    -314217.0975616841,
                    6214987.991928685
                  ],
                  [
                    -313719.95353033795,
                    6215023.879096254
                  ],
                  [
                    -313533.8083205247,
                    6215186.376734275
                  ],
                  [
                    -313658.5815340588,
                    6214965.671031155
                  ],
                  [
                    -314198.2461579562,
                    6214840.564011264
                  ],
                  [
                    -314529.6443610625,
                    6215346.810506946
                  ],
                  [
                    -314720.65972932696,
                    6215190.050654244
                  ],
                  [
                    -314552.45533740055,
                    6214518.136953918
                  ],
                  [
                    -314189.8291498187,
                    6214526.921227707
                  ],
                  [
                    -314228.2866780521,
                    6214190.547979553
                  ],
                  [
                    -314752.10589984583,
                    6213433.605468045
                  ],
                  [
                    -314237.89262546547,
                    6213112.514791401
                  ],
                  [
                    -314008.27397102694,
                    6212634.455787264
                  ],
                  [
                    -313932.4751435321,
                    6212077.968157018
                  ],
                  [
                    -314233.9547582176,
                    6211738.091944482
                  ],
                  [
                    -314273.4842031308,
                    6211325.798664824
                  ],
                  [
                    -313728.9259703723,
                    6210216.327219194
                  ],
                  [
                    -313315.9065446317,
                    6209820.353581474
                  ],
                  [
                    -313479.41082795634,
                    6209430.229545066
                  ],
                  [
                    -313259.5022358354,
                    6208982.127702288
                  ],
                  [
                    -313819.3664685582,
                    6208549.438675372
                  ],
                  [
                    -313809.6072230828,
                    6207638.596724318
                  ],
                  [
                    -314678.83215681993,
                    6207405.471492785
                  ],
                  [
                    -314457.17086473724,
                    6207253.308198596
                  ],
                  [
                    -314085.819371031,
                    6206360.350088815
                  ],
                  [
                    -313549.2706085239,
                    6206040.799353973
                  ],
                  [
                    -312554.1741189628,
                    6205965.385261147
                  ],
                  [
                    -310879.9025193636,
                    6204700.148998293
                  ],
                  [
                    -310539.06432638044,
                    6204805.845513327
                  ],
                  [
                    -310300.80831560266,
                    6204534.88027228
                  ],
                  [
                    -310011.88009344524,
                    6204834.279367245
                  ],
                  [
                    -309382.66158742766,
                    6204710.261558727
                  ],
                  [
                    -309300.4658156786,
                    6204260.783312726
                  ],
                  [
                    -308959.60644176265,
                    6203920.790004944
                  ],
                  [
                    -308763.87166494614,
                    6203372.840226491
                  ],
                  [
                    -308917.0543878511,
                    6202521.540276779
                  ],
                  [
                    -307450.5780371785,
                    6201506.357096652
                  ],
                  [
                    -305315.3067589135,
                    6200657.218615165
                  ],
                  [
                    -304170.59887148655,
                    6200735.943615328
                  ],
                  [
                    -304081.186659384,
                    6200400.9802707825
                  ],
                  [
                    -303447.2991681235,
                    6199966.217373658
                  ],
                  [
                    -303084.4551142412,
                    6199959.304639004
                  ],
                  [
                    -302767.0603172538,
                    6199746.531023401
                  ],
                  [
                    -302128.89551306434,
                    6199804.395958676
                  ],
                  [
                    -301954.3025354285,
                    6199580.822539705
                  ],
                  [
                    -302016.5556208851,
                    6199372.347387242
                  ],
                  [
                    -303309.9123851531,
                    6198367.762889019
                  ],
                  [
                    -303072.870488176,
                    6197665.165581316
                  ],
                  [
                    -302576.31982735015,
                    6197129.126031972
                  ],
                  [
                    -302701.2884524756,
                    6196628.968404745
                  ],
                  [
                    -302555.22611761035,
                    6196471.834791
                  ],
                  [
                    -302968.12370616494,
                    6195916.504617088
                  ],
                  [
                    -302640.18047036213,
                    6195701.567366976
                  ],
                  [
                    -301684.04207239964,
                    6195978.225585581
                  ],
                  [
                    -301656.1338040447,
                    6195683.179917028
                  ],
                  [
                    -302425.3550874827,
                    6195200.533587104
                  ],
                  [
                    -302410.78091601416,
                    6194550.424891238
                  ],
                  [
                    -301393.1564325634,
                    6193557.79819015
                  ],
                  [
                    -301517.5665481538,
                    6193262.0360729415
                  ],
                  [
                    -301118.6922725082,
                    6193160.608477473
                  ],
                  [
                    -301058.8407969573,
                    6192838.9200214585
                  ],
                  [
                    -300878.84869325254,
                    6192858.14456895
                  ],
                  [
                    -300915.87966824416,
                    6192280.502443839
                  ],
                  [
                    -300530.2898211952,
                    6191820.968923451
                  ],
                  [
                    -300251.0424625153,
                    6191136.639330506
                  ],
                  [
                    -299818.3179640433,
                    6190763.399680052
                  ],
                  [
                    -299369.93742129934,
                    6190052.205327132
                  ],
                  [
                    -299049.0543183374,
                    6189300.964469206
                  ],
                  [
                    -298755.675726631,
                    6189313.720992875
                  ],
                  [
                    -298587.994958509,
                    6189074.839606598
                  ],
                  [
                    -297942.6335433469,
                    6188890.836376616
                  ],
                  [
                    -297786.96298027626,
                    6189051.969428367
                  ],
                  [
                    -298062.2023751387,
                    6189110.096613621
                  ],
                  [
                    -298105.2181385605,
                    6189288.847728948
                  ],
                  [
                    -298648.1193911763,
                    6189638.396161552
                  ],
                  [
                    -298879.37681956525,
                    6190047.280226902
                  ],
                  [
                    -297821.927964685,
                    6191972.099893581
                  ],
                  [
                    -298074.9132859358,
                    6192485.683778244
                  ],
                  [
                    -297850.0732590347,
                    6192628.766939826
                  ],
                  [
                    -297981.7002840495,
                    6192892.788416919
                  ],
                  [
                    -297938.21887511766,
                    6193608.573600023
                  ],
                  [
                    -298557.44584488333,
                    6195770.3393249335
                  ],
                  [
                    -298283.6668430974,
                    6196069.637773232
                  ],
                  [
                    -297551.7160240599,
                    6196193.721113044
                  ],
                  [
                    -297175.28660127654,
                    6196446.470775912
                  ],
                  [
                    -296971.6066173181,
                    6196118.7517781
                  ],
                  [
                    -296583.58475467976,
                    6196069.297392071
                  ],
                  [
                    -296459.3927868523,
                    6195660.862266359
                  ],
                  [
                    -296071.033677099,
                    6195513.047476632
                  ],
                  [
                    -295932.5716889217,
                    6194901.028291458
                  ],
                  [
                    -295485.4094306459,
                    6194657.040565879
                  ],
                  [
                    -293995.3672371875,
                    6194393.211243152
                  ],
                  [
                    -293145.41401354334,
                    6194654.501060431
                  ],
                  [
                    -292690.2149787667,
                    6195074.027846611
                  ],
                  [
                    -292057.0645393995,
                    6195014.257030745
                  ],
                  [
                    -291575.96681847126,
                    6195526.280457755
                  ],
                  [
                    -291038.3211954948,
                    6195236.260843768
                  ],
                  [
                    -290543.5517968092,
                    6195553.768424884
                  ],
                  [
                    -289728.2148933353,
                    6195600.746041222
                  ],
                  [
                    -289644.81697510736,
                    6195280.405454649
                  ],
                  [
                    -288717.7379116525,
                    6195326.707944234
                  ],
                  [
                    -288268.4053754581,
                    6195094.627205778
                  ],
                  [
                    -287021.2571511325,
                    6195307.807034007
                  ],
                  [
                    -286650.91597326373,
                    6195736.795613315
                  ],
                  [
                    -286445.89095431694,
                    6197120.013088663
                  ],
                  [
                    -285830.2890583136,
                    6198462.536358546
                  ],
                  [
                    -285516.3636478451,
                    6198683.665432047
                  ],
                  [
                    -284568.5987408912,
                    6198839.961850161
                  ],
                  [
                    -283151.9226077657,
                    6199811.537022599
                  ],
                  [
                    -282952.25863198657,
                    6199563.31621922
                  ],
                  [
                    -282960.3122324068,
                    6198498.02817239
                  ],
                  [
                    -283256.9214640291,
                    6197876.747299873
                  ],
                  [
                    -282530.74783919676,
                    6197316.302719919
                  ],
                  [
                    -281471.0354813306,
                    6196882.397497519
                  ],
                  [
                    -280036.1774099088,
                    6195672.311750122
                  ],
                  [
                    -279362.23215340695,
                    6195611.200944669
                  ],
                  [
                    -276851.06561124785,
                    6196362.855430612
                  ],
                  [
                    -275207.58721055853,
                    6197065.077761736
                  ],
                  [
                    -274633.12817645463,
                    6197498.674682038
                  ],
                  [
                    -273760.5562587263,
                    6197202.256761288
                  ],
                  [
                    -273387.988220396,
                    6196787.560190662
                  ],
                  [
                    -273313.96484186716,
                    6196142.4511527
                  ],
                  [
                    -272923.26778316416,
                    6195351.816897712
                  ],
                  [
                    -272280.23378758907,
                    6194855.370059663
                  ],
                  [
                    -272237.694778449,
                    6193929.964769887
                  ],
                  [
                    -271950.7814544917,
                    6193729.505564077
                  ],
                  [
                    -270849.6270414324,
                    6193813.320822302
                  ],
                  [
                    -270731.70352671307,
                    6192762.570243596
                  ],
                  [
                    -269966.8034253023,
                    6191740.754994941
                  ],
                  [
                    -269660.25365741184,
                    6191688.141635448
                  ],
                  [
                    -269012.20132723305,
                    6191900.0223301845
                  ],
                  [
                    -268755.91124390444,
                    6191777.92337693
                  ],
                  [
                    -268457.93336629024,
                    6191190.785893811
                  ],
                  [
                    -266718.80375057866,
                    6191223.469055213
                  ],
                  [
                    -264614.8019052989,
                    6190678.517152032
                  ],
                  [
                    -264264.344314141,
                    6189257.845462474
                  ],
                  [
                    -263625.3516337471,
                    6188535.449662587
                  ],
                  [
                    -263481.47626734286,
                    6187740.876711555
                  ],
                  [
                    -263151.85020135663,
                    6187246.378259416
                  ],
                  [
                    -263025.5461939525,
                    6186698.9778771475
                  ],
                  [
                    -262210.897328179,
                    6185905.472367908
                  ],
                  [
                    -261660.71565850495,
                    6184541.293771458
                  ],
                  [
                    -261852.85687230725,
                    6183994.548891742
                  ]
                ]
              ],
              [
                [
                  [
                    -389588.9902462389,
                    6217491.822432249
                  ],
                  [
                    -389687.9644150078,
                    6216620.201349064
                  ],
                  [
                    -390218.6665792628,
                    6215628.209620521
                  ],
                  [
                    -389978.3769493582,
                    6214513.289321839
                  ],
                  [
                    -389197.97541116265,
                    6213708.957307805
                  ],
                  [
                    -389152.03697806544,
                    6212883.307693349
                  ],
                  [
                    -388574.9402414601,
                    6212001.836787996
                  ],
                  [
                    -388598.1068472459,
                    6211251.547042893
                  ],
                  [
                    -388362.26955928135,
                    6210417.666944727
                  ],
                  [
                    -388793.3190243444,
                    6209678.165488385
                  ],
                  [
                    -388693.27424029657,
                    6207407.858994871
                  ],
                  [
                    -389043.2009861036,
                    6206474.3815988805
                  ],
                  [
                    -388697.223648161,
                    6205643.096645392
                  ],
                  [
                    -388790.67150956346,
                    6205086.929766019
                  ],
                  [
                    -389666.53687889606,
                    6204721.3062585695
                  ],
                  [
                    -390261.00961646426,
                    6204907.372018841
                  ],
                  [
                    -390516.4990091447,
                    6204742.65126537
                  ],
                  [
                    -390230.8153326985,
                    6204234.643263152
                  ],
                  [
                    -390106.2994502027,
                    6203189.861889385
                  ],
                  [
                    -390610.5603454255,
                    6202710.860847717
                  ],
                  [
                    -391139.71676923626,
                    6202504.504223973
                  ],
                  [
                    -391036.63789193006,
                    6202157.252330389
                  ],
                  [
                    -391330.8435065062,
                    6201475.586328801
                  ],
                  [
                    -392126.37551647605,
                    6201014.215891751
                  ],
                  [
                    -392430.73762828397,
                    6200572.934007825
                  ],
                  [
                    -392832.77037523297,
                    6200673.256163567
                  ],
                  [
                    -393247.8422276606,
                    6201210.70534704
                  ],
                  [
                    -393741.63256411336,
                    6201323.740535005
                  ],
                  [
                    -394193.84139049303,
                    6201932.758600531
                  ],
                  [
                    -395006.9408115951,
                    6201686.594613822
                  ],
                  [
                    -395208.64506930474,
                    6201249.942514585
                  ],
                  [
                    -395671.33134397666,
                    6201148.399888399
                  ],
                  [
                    -395775.60307818383,
                    6200725.002724717
                  ],
                  [
                    -395671.65908242704,
                    6200123.2755530765
                  ],
                  [
                    -395266.14047200326,
                    6199835.406365917
                  ],
                  [
                    -394327.765678014,
                    6199658.808717674
                  ],
                  [
                    -394441.1059255712,
                    6199071.210217027
                  ],
                  [
                    -394234.6212046358,
                    6198776.013096821
                  ],
                  [
                    -394363.0133402482,
                    6198491.957296793
                  ],
                  [
                    -394986.50698050344,
                    6198340.52326662
                  ],
                  [
                    -395612.1492896408,
                    6197693.074462727
                  ],
                  [
                    -396585.5286340288,
                    6197613.643807178
                  ],
                  [
                    -396305.7383315449,
                    6197167.96070285
                  ],
                  [
                    -397049.16790869815,
                    6196581.403011239
                  ],
                  [
                    -397977.6576062754,
                    6196952.333022289
                  ],
                  [
                    -398826.581048063,
                    6196243.924058095
                  ],
                  [
                    -400132.48242652364,
                    6196126.9443482775
                  ],
                  [
                    -400411.15629808756,
                    6195976.971848115
                  ],
                  [
                    -400700.44037155824,
                    6197126.59493926
                  ],
                  [
                    -401324.5641827677,
                    6197985.561162802
                  ],
                  [
                    -400388.9912121952,
                    6199108.751305294
                  ],
                  [
                    -399895.4383571271,
                    6200122.560603705
                  ],
                  [
                    -399159.4249539905,
                    6200305.650494147
                  ],
                  [
                    -398934.49282469583,
                    6201033.893634632
                  ],
                  [
                    -398124.0061177296,
                    6201133.075150504
                  ],
                  [
                    -397581.3505542629,
                    6201800.395605385
                  ],
                  [
                    -398241.35980934656,
                    6202111.38899253
                  ],
                  [
                    -398524.6482843777,
                    6202420.616967582
                  ],
                  [
                    -398527.4545957913,
                    6203462.48009887
                  ],
                  [
                    -398762.81568924617,
                    6203976.966790689
                  ],
                  [
                    -399398.6264402451,
                    6204226.189369823
                  ],
                  [
                    -399844.03284296556,
                    6204838.801781002
                  ],
                  [
                    -400770.3619900839,
                    6205287.369916677
                  ],
                  [
                    -400931.99995353573,
                    6205686.182752194
                  ],
                  [
                    -401857.4481048129,
                    6206421.587857908
                  ],
                  [
                    -402088.9302399018,
                    6207502.547978966
                  ],
                  [
                    -402304.7337556324,
                    6207814.04214918
                  ],
                  [
                    -402314.95766506315,
                    6208490.157609483
                  ],
                  [
                    -403071.7525194016,
                    6208570.615210625
                  ],
                  [
                    -403224.6685734493,
                    6208792.668571541
                  ],
                  [
                    -403219.36667935544,
                    6210219.942923442
                  ],
                  [
                    -402686.49597131624,
                    6211941.061880994
                  ],
                  [
                    -402897.853841042,
                    6212813.201890459
                  ],
                  [
                    -402637.8950359957,
                    6214278.778238656
                  ],
                  [
                    -402912.5341177241,
                    6215085.604248558
                  ],
                  [
                    -402875.8683395881,
                    6215302.606958031
                  ],
                  [
                    -402609.14501360036,
                    6215480.919910982
                  ],
                  [
                    -402771.4298825282,
                    6216063.90844346
                  ],
                  [
                    -402680.58387741935,
                    6216883.585206249
                  ],
                  [
                    -402153.1247009774,
                    6217219.951710612
                  ],
                  [
                    -401922.9277531423,
                    6217861.804270213
                  ],
                  [
                    -402480.7210222325,
                    6218267.609000663
                  ],
                  [
                    -402837.33835538354,
                    6219936.2824443625
                  ],
                  [
                    -403142.5780893055,
                    6220565.092268734
                  ],
                  [
                    -403327.4719396634,
                    6220626.923233597
                  ],
                  [
                    -403584.08198543143,
                    6220352.111246903
                  ],
                  [
                    -403931.36815988657,
                    6220316.406166643
                  ],
                  [
                    -404818.7971108207,
                    6221067.940341737
                  ],
                  [
                    -404298.7144153224,
                    6221002.813810819
                  ],
                  [
                    -404012.4694200886,
                    6221124.950845447
                  ],
                  [
                    -403787.5878280815,
                    6221637.518794386
                  ],
                  [
                    -403651.4741893601,
                    6221541.497464069
                  ],
                  [
                    -403414.28878230875,
                    6221811.905572512
                  ],
                  [
                    -403296.121783991,
                    6221471.408015828
                  ],
                  [
                    -402418.2954108358,
                    6221488.088503613
                  ],
                  [
                    -402335.02524394455,
                    6221388.027223164
                  ],
                  [
                    -402557.20669750916,
                    6221240.348880367
                  ],
                  [
                    -402530.2471664715,
                    6220604.051494389
                  ],
                  [
                    -402290.90413860034,
                    6219482.544553859
                  ],
                  [
                    -402146.0243262409,
                    6219189.596561464
                  ],
                  [
                    -401649.41661604214,
                    6218955.424540469
                  ],
                  [
                    -400237.23007944063,
                    6218831.623077232
                  ],
                  [
                    -399531.56872279936,
                    6219298.384522879
                  ],
                  [
                    -398693.3676376688,
                    6219051.795616578
                  ],
                  [
                    -397777.2935446074,
                    6219847.534330969
                  ],
                  [
                    -397180.9244909133,
                    6221026.19497648
                  ],
                  [
                    -397209.8779426232,
                    6221694.224763497
                  ],
                  [
                    -397541.7513389005,
                    6221956.491467889
                  ],
                  [
                    -397976.3528118176,
                    6221891.789871086
                  ],
                  [
                    -398470.33809356927,
                    6222293.630809957
                  ],
                  [
                    -398815.904498004,
                    6222252.339635835
                  ],
                  [
                    -399037.59387366835,
                    6222560.872823379
                  ],
                  [
                    -398736.52650346776,
                    6222889.127132877
                  ],
                  [
                    -398512.999457981,
                    6223606.883264804
                  ],
                  [
                    -398569.94152495667,
                    6224142.354284945
                  ],
                  [
                    -398741.3698826268,
                    6224304.094236829
                  ],
                  [
                    -398596.86635893676,
                    6224581.1898552375
                  ],
                  [
                    -398652.6796908696,
                    6224919.089166553
                  ],
                  [
                    -398934.8115267353,
                    6225224.5474773
                  ],
                  [
                    -398714.9557452914,
                    6225606.152316578
                  ],
                  [
                    -398799.3344634464,
                    6226002.732608487
                  ],
                  [
                    -398678.648482685,
                    6226211.176325539
                  ],
                  [
                    -399059.5411241589,
                    6227001.944147907
                  ],
                  [
                    -398659.96800738334,
                    6227718.196031688
                  ],
                  [
                    -398799.5168586589,
                    6228141.196240833
                  ],
                  [
                    -399034.62177790416,
                    6228222.209260146
                  ],
                  [
                    -398935.5883826199,
                    6228337.751618274
                  ],
                  [
                    -398353.19150310947,
                    6227811.44932712
                  ],
                  [
                    -398367.78817251406,
                    6227118.227920709
                  ],
                  [
                    -397627.8394424077,
                    6225404.022163888
                  ],
                  [
                    -397000.81792915525,
                    6224867.434796781
                  ],
                  [
                    -395911.584328142,
                    6224674.512744817
                  ],
                  [
                    -395573.6640940878,
                    6224455.052386334
                  ],
                  [
                    -395168.2493779579,
                    6223553.726271017
                  ],
                  [
                    -394357.54669076763,
                    6223150.896640417
                  ],
                  [
                    -394290.56677212747,
                    6222782.022859734
                  ],
                  [
                    -394527.66864797095,
                    6222385.781859398
                  ],
                  [
                    -394448.46342772007,
                    6222157.6891246475
                  ],
                  [
                    -394046.58525496314,
                    6222093.67693311
                  ],
                  [
                    -393231.05836633313,
                    6222435.965236208
                  ],
                  [
                    -392690.68129789014,
                    6221897.486016026
                  ],
                  [
                    -392149.37818543677,
                    6221872.573939755
                  ],
                  [
                    -391908.95848677313,
                    6221635.310870618
                  ],
                  [
                    -391910.4973945723,
                    6220902.683539546
                  ],
                  [
                    -391653.207283092,
                    6220356.627560861
                  ],
                  [
                    -390705.0074052622,
                    6220360.6875952985
                  ],
                  [
                    -389831.62341205106,
                    6219433.619215048
                  ],
                  [
                    -389074.64984077826,
                    6219297.209809232
                  ],
                  [
                    -388857.9037378663,
                    6219030.673507212
                  ],
                  [
                    -389588.9902462389,
                    6217491.822432249
                  ]
                ]
              ]
            ]
          },
          {
            "type": "MultiPoint",
            "coordinates": [
              [
                -508191.582554,
                6166538.14765
              ]
            ]
          }
        ]
      }
    }
  ]
}